id,smiles
C0001,CC(C)N1C=C(C[C@@H](NC(=O)OC(C)(C)C)C(C)=O)[N+](=C1)C(C)C
C0002,CCCCCCCCCCCCCCCC[N+](C1CCCCC1)(C)C
C0003,OCC([n+]1ccn(c1)CC)CC(C)C
C0004,C=CC[n+]1cccc(c1)O
C0005,CCCCCCCCCCCCCC[N+](CCCCCCCCCCCCCC)(C)C
C0006,BrC(=C)Cn1c[n+](c2c1cccc2)CC(=O)c1ccc(cc1)Br
C0007,N[NH+]1N=CN=C1N
C0008,CCCCCCCCCCCCCCCCCCCC[N+](CCCCCCCCCCCCCCCCCCCC)(C)C
C0009,CCCCCC[n+]1ccc(c(c1)C)N(C)C
C0010,CCCCCC[P+](C)(C)C
C0011,O=C(c1c(C)c(C)cc(c1C)C)Cn1cc[n+](c1)CC(=O)c1c(C)c(C)cc(c1C)C
C0012,CC(=O)C([n+]1c(C)n(c2c1cccc2)C)C
C0013,C=CC[N+](CCOC(=O)CCCCCCCCCCCCCCC)(CCOC(=O)CCCCCCCCCCCCCCC)C
C0014,CCc1n(OCc2ccc(cc2)Br)cc[n+]1OCc1ccc(cc1)Br
C0015,CC(=O)C[n+]1c(C)cccc1C
C0016,CCCC[N+](CCCC)(CCCC)CCCS(=O)(=O)O
C0017,CCC(C[N+](C)(C)C)OC
C0018,N#CCCn1c(CO)[n+](c2c1cccc2)CC(=O)c1ccccc1
C0019,Cn1cc[n+](c1)CC(=O)c1cccc(c1)C
C0020,CCCCCCCC[N+](CCCCCCCC)(CCCCCCCC)CCC
C0021,N#CCCCn1c[n+](c2c1cccc2)CCC#N
C0022,CC[N+](CCC(C)C)(CCC(C)C)C
C0023,CC[C@@H]([C@@H](C(=O)O)[NH3+])C
C0024,CCCCCCCCCC[n+]1c2cc(Cl)c(cc2n(c1C=CC=c1n(CCCC(=O)O)c2c(n1CCCCCCCCCC)cc(c(c2)Cl)Cl)CCCC(=O)O)Cl
C0025,CCCC[N+](CC)(C)C
C0026,CCCCCCCCCCCCn1cc[n+](c1)CC[C@@H](CCC=C(C)C)C
C0027,CCOC(=O)C[n+]1c(c2ccc(o2)c2ccc(cc2)Cl)n(c2c1cc(C#N)cc2)C
C0029,Cc1cc(cc(c1O)C)C[N+](c1ccccc1)(C)C
C0030,O=C(C[n+]1c2ccccc2n(c1N)Cc1ccccc1)Nc1ccccc1
C0031,CCOC(=O)C1CCC[NH2+]1
C0032,O=C(c1ccccc1)C[N+](CC1CCCCC1)(C)C
C0033,C[n+]1cccc(c1)O
C0034,CCCCCCCCCCCCCC[N+](CCCCC)(CCCCC)CCCCC
C0035,Cc1cccc(c1)C[N+](Cc1cccc(c1)C)(C)C
C0036,CCC[NH2+]CCC
C0037,OCC[n+]1c(C=CC=c2n(CC)c3c(n2CC)ccc(c3)C#N)n(c2c1cc(C#N)cc2)CCOC(=O)C
C0038,CCCCOCn1cc[n+](c1)COCCCC
C0039,C[N+](C1COCC1)(C)C
C0040,CCC(C[NH3+])C
C0041,Brc1[n+](O)c(c(n1O)C)C
C0042,C#CC[N+](CC#Cc1cccc2c1cccc2)(CC)CC
C0043,COc1ccc(cc1)C(c1ccc(cc1)OC)C[N+](C)(C)C
C0044,CC[N+]1(CCCCC1)CC(=O)OC
C0045,Cn1cc[n+](c1)Cc1ccc(cc1)C(=O)c1ccccc1
C0046,CCC[N+](=C1N(C)CCN1C)C
C0047,CCCCCCCCCCCCCCCC[N+](CCOC(=O)C)(C)C
C0048,CC[C@@H]1C(=O)OC[C@@H]1Cc1c[n+](cn1C)CC(=O)c1ccc(cc1)c1ccccc1
C0049,COC(=O)Cn1c2ccccc2[n+](c1C)CC(=O)c1ccc(cc1)OC
C0050,COc1ccc(cc1)CC[N+](C)(C)C
C0051,CCc1n(OCc2ccccc2)cc[n+]1Cc1cc(OC)c(c(c1)OC)OC
C0052,CCCn1cc[n+](c1C)C
C0053,CCCC[n+]1cccc(c1)C(=O)O
C0054,FCC[n+]1ccccc1
C0055,CCOC(=O)C[N+](C)(C)C
C0056,FC(C([N+]1(C)CCOCC1)OCCC(C(C(F)F)(F)F)(F)F)F
C0057,CCCCCCCCCCCCC[PH2+]C
C0058,C[NH+]1C=NC=N1
C0059,CCCCCCCCCCCCCCC[n+]1ccn(c1)C
C0060,c1ccc2c(c1)n(c[n+]2C12CC3CC(C2)CC(C1)C3)C12CC3CC(C2)CC(C1)C3
C0061,CCCCCC[n+]1ccc(cc1)N(C)C
C0062,CC[n+]1ccccc1
C0063,FC(F)(F)C(F)(F)C(F)(F)C(F)(F)C(F)(F)C(F)(F)CC[n+]1ccc(cc1)-c1ccncc1
C0064,CCn1cc[n+](c1)CC
C0065,CCCCCCCCCCCCCCCCn1cc[n+](c1)CC(=NO)C
C0066,O=C(c1ccc(cc1)N(=O)=O)C[n+]1c(C)n(c2c1cccc2)Cc1ccccc1
C0067,Cc1cc[n+](cc1)C
C0068,CCC[N+](Cc1ccccc1)(CC)C
C0069,CCCCCC[N+](Cc1ccccc1)(CCCCCC)CCCCCC
C0070,Cn1cc[n+](c1)CC(=O)c1cccc(c1)Cl
C0071,CCCCCCCCCC[N+](CC(=O)O)(C)C
C0072,C=CC[N+](C(C)(C)C)(C)C
C0073,CCCCCCCCCCOCn1cc[n+](c1)COCCCCCCCCCC
C0074,CCCCCCCn1nc[n+](c1)CCC(C(C(C(C(C(F)(F)F)(F)F)(F)F)(F)F)(F)F)(F)F
C0075,N#CSc1n(C)cc[n+]1C
C0076,CCCCCCCCCCCCOCn1cc[n+](c1)COCCCCCCCCCCCC
C0077,C=CCn1cc[n+](c1)CCC#N
C0078,C=CCn1c[n+](c2c1cccc2)CC(=O)c1ccc(cc1)Br
C0079,CCCCCCCCCCCCCC[NH3+]
C0080,CC[C@@H]1C(=O)OC[C@@H]1Cc1c[n+](cn1C)Cc1ccc(cc1)N(=O)=O
C0081,CCCCCCCCCCCCCCCCCC[n+]1ccn(c1)C
C0082,C[n+]1ccn(c1)CCO[Si](C)(C)C
C0083,N#CCCCn1cc[n+](c1)C
C0084,N#CC[n+]1c(C)n(c2c1cccc2)C
C0085,C=CCn1c[n+](c2c1cccc2)Cc1ccc(cc1)Br
C0086,CCCC[n+]1ccn(c1)c1c(C)cc(cc1C)C
C0087,CC(C(=O)c1ccc(cc1)c1ccccc1)n1cc[n+](c1)C(C(=O)c1ccc(cc1)c1ccccc1)C
C0088,N#CCCCn1cc[n+](c1)CCCC#N
C0089,COC(=O)C[n+]1c(N)n(c2c1cccc2)C
C0090,CCOC(=O)C[n+]1cn(c2c1cccc2)Cc1ccccc1
C0091,CC([N+](C)(C)C)C
C0092,N#CCC[n+]1cc(C)cc(c1)C
C0093,O=N(=O)c1ccc(cc1)c1n(C)c2c([n+]1C)cc(cc2)N(=O)=O
C0094,CCCCCCCC[NH+]1C=CN(C1)CCCP(=O)(OCC)OCC
C0095,CCc1n(O)cc[n+]1CC(=O)c1ccc(cc1)Cl
C0096,FC(CC[n+]1ccc(cc1)c1ccncc1)(F)F
C0097,C=CCn1cc[n+](c1)CC#C
C0099,CCCCCCCC[N+](CO[C@@H]1C[C@H](C)CC[C@H]1C(C)C)(C)C
C0100,COc1ccc(cc1)C(=O)C[N+](CC(=O)C)(C)C
C0101,CCC(C(C(=O)OC)[NH3+])C
C0102,CC(=O)OCCCC[n+]1cccc(c1)O
C0103,C[N+]1(C)CCCCC1
C0104,CCn1c[n+](c2c1cc(C)c(c2)C)CC(=O)c1ccc(cc1)N(=O)=O
C0105,CC[n+]1ccn(c1)CCc1ccccc1
C0106,ON=CC[n+]1cc[nH]c1C1OCCO1
C0107,CCOC(=O)CCCn1c(C)[n+](c2c1cccc2)Cc1ccccc1
C0108,CC(=O)C[n+]1ccccc1C
C0109,OC(=O)C=C[n+]1ccccc1
C0110,CCCCCCCC[n+]1c2cc(Cl)c(cc2n(c1C)CCCCC(=O)O)Cl
C0111,CCOC(=O)C[n+]1c(N)n(c2c1cccc2)C
C0112,CCN(CCn1c(C)[n+](c2c1cccc2)CC(=O)c1ccc(cc1)N(=O)=O)CC
C0113,CCCC(C[N+](C)(C)C)OC
C0114,C[Si](CCCn1c[n+](c2c1cccc2)Cc1ccccc1)(C)C
C0115,Cc1n(cc[n+]1Cc1ccccc1)CCC(c1ccccc1)(c1ccccc1)C(=O)N
C0116,O=CCC[n+]1c(C)n(c2c1cc(Cl)c(c2)Cl)CC
C0117,CCCCCCCCCCC[n+]1ccn(c1)c1c(C)cc(cc1C)C
C0118,Cc1ccc(cc1)[N+](C(c1ccccc1)C)(C)C
C0119,Cc1ccc(cc1)C[n+]1ccn(c1C)CCC(c1ccccc1)(c1ccccc1)C(=O)N
C0120,COc1ccc(cc1CC[n+]1ccccc1)OC
C0121,CCCCC[N+](CC(=O)OCC)(C)C
C0122,CCC[n+]1ccn(c1)C=C
C0123,O=C(c1ccccc1)C[n+]1c2ccccc2n(c1C)N=Cc1ccccc1
C0124,Oc1ccc(cc1)C[N+](C)(C)C
C0125,[N-]=[N+]=NC1=N[NH+](C=N1)C
C0126,Cn1cc[n+](c1)CC(=O)c1ccccc1C
C0127,CCCCCCCC[n+]1c(C)n(c2c1cc(Cl)c(c2)Cl)CCC(=O)O
C0128,CCCCC(C[N+](C)(C)C)OCC
C0129,COCC[N+](Cc1ccccc1)(C)C
C0130,CCCCCCCCCCCCCCCCCCCC[n+]1ccn(c1)C
C0131,C#CC[n+]1ccc(cc1)C
C0132,OC(c1ccc(c(c1)O)O)C[N+](C)(C)C
C0133,CCNS(=O)(=O)c1ccc2c(c1)[n+](CCCCS(=O)(=O)NC(=O)C)c(n2CC)C=CC=c1oc2c(n1CC)cc(c(c2)C)C
C0134,CC(CCCCC[NH+](CCCCCC(C)C)CCCCCC(C)C)C
C0135,CCCC[n+]1ccc(cc1)C(=O)OCC
C0136,CCCCCCCCCCCCCCCC[N+](Cc1ccccc1O)(C)C
C0137,CCCC[N+]1(C)CCCCC1
C0138,CCCCCCCCCCCCCCCC[N+](CCCCCC(=O)OC)(C)C
C0139,COC(=O)Cn1c(C)[n+](c2c1cccc2)CC(=O)c1ccccc1
C0140,[O-][N+](=O)c1cn(c[n+]1C)C
C0141,COCC[N+]1(C)CCCC1
C0142,CC(c1ccc(c(c1)C[N+](Cc1cc(ccc1C)C(C)C)(C)C)C)C
C0143,CCC[N+](C(c1ccccc1)C)(CCC)CCC
C0144,CCCCCCCCCCCCCCCCCCn1cc[n+](c1)CC[C@@H](CCC=C(C)C)C
C0145,COC(=O)C[n+]1ccn(c1)C
C0147,Cc1cc[n+](cc1)CN1CCOCC1
C0148,CCCn1cc[n+](c1CC)CC
C0149,CCOC(=O)C[N+](CC)(C)C
C0152,CCC[N+]1(C)CCCC1
C0153,BrC(=C)Cn1c[n+](c2c1cccc2)CC(=O)c1ccccc1
C0154,CCCn1cc[n+](n1)N
C0155,CCC[N+]1(C)CCCCC1
C0156,CCCC[N+](CCC)(C)C
C0157,CC[N+](CCCS(=O)(=O)O)(CC)CC
C0158,CCCCC(C[N+](C)(C)C)OC
C0159,CCC([n+]1ccn(c1)C)C
C0160,C=CC[N+](Cc1ccccc1)(C)C
C0161,CCCCC[P+](CC)(CC)CC
C0162,CCn1cc[n+](c1C)C
C0163,COC(=O)[C@@H](CC1=CN(C=[N+]1C(C)C)C(C)C)NC(=O)C1=CC=CC=C1
C0164,CCCC[N+](=C1N(C)CCN1C)C
C0165,Brc1ccc(cc1)C(=O)C[n+]1ccn(c1C)CCc1ccccc1
C0166,CCCC[NH+]1C=CN(C1)CCCP(=O)(OCC)OCC
C0167,OCC=C[n+]1ccccc1
C0168,CCCCCCCC[N+]1(C)CCCCC1
C0169,C=CCOn1cc[n+](c1)Cc1ccc(cc1Cl)Cl
C0170,OCn1c[n+](c2c1cccc2)CC(=O)c1ccccc1
C0171,CCCCCCCCn1c2cc(Cl)c(cc2[n+](c1C)CCCC(=O)O)Cl
C0172,CCCCCCCn1nc[n+](c1)CCC(C(C(C(F)(F)F)(F)F)(F)F)(F)F
C0173,COC(=O)C[N+](Cc1ccc(cc1)C)(C)C
C0174,COc1cccc(c1)C(=O)CC[N+](C)(C)C
C0175,[N-]=[N+]=Nc1n[n+](cn1C)C
C0176,CCCCCCCC[N+]12CCN(CC1)CC2
C0177,O=C(c1ccco1)C[n+]1c(N)n(c2c1cccc2)C
C0178,[N-]=[N+]=NCC[NH+]1C=NC=N1
C0179,CCCCCC[N+](CO[C@H]1C[C@@H](C)CC[C@@H]1C(C)C)(C)C
C0180,O=C(c1ccccc1)Cn1c[n+](c2c1cccc2)CC(=O)c1ccccc1
C0181,CCOC(=O)n1cc[n+](c1)Cc1ccc(cc1)C=CC(=O)OC
C0182,CCCCCC[P+](CCCC)(CCCC)CCCC
C0183,Cc1cc(C)c(cc1C[N+](C)(C)C)C
C0184,Cc1cc(C)c(c(c1)C)C(=O)C[n+]1ccn(c1)C
C0185,CCC[N+](Cc1ccccc1)(C)C
C0186,C[N+](CCCCCc1ccccc1)(C)C
C0187,C=CCn1c[n+](c2c1cccc2)CCC#N
C0188,OC(=O)CCCn1cc[n+](c1)C
C0189,CCCCCC[P+](CCCCCC)(CCCCCC)CC
C0190,CCCCCC[n+]1ccn(c1)C
C0191,COc1cc(C[n+]2ccn(c2)O)cc(c1OC)OC
C0192,CCCC[n+]1ccn(c1)c1ccc(cc1)OC
C0193,CCOC(C[N+](C)(C)C)CC
C0194,CCCCCCCCCCCC[N+](CCO)(C)C
C0195,CCc1n(C)c2c([n+]1C)cc(cc2)N(=O)=O
C0196,N#CCCCCn1cc[n+](c1)C
C0197,N#CCCn1cc[n+](c1)C
C0198,O=C(c1ccc(cc1)N(=O)=O)C[n+]1cn(c2c1cc(cc2)N(=O)=O)C
C0199,O=C(c1ccccc1)C[n+]1c2ccccc2n(c1N)C(C)C
C0200,Cc1ccccc1C[n+]1ccn(c1C)CCC(c1ccccc1)(c1ccccc1)C(=O)N
C0201,COc1ccc(cc1C(=O)C[n+]1ccn(c1)C)OC
C0202,O=c1nc2c(c(=O)n1CCC[n+]1cn(c3c1cccc3)C)nc1c(n2c2ccccc2)cccc1
C0203,CCC[n+]1ccccc1
C0204,CCCCCCCCCCCCCCCC[N+](CCO)(CCO)C
C0205,Cc1ccccc1C[N+](Cc1ccccc1C)(C)C
C0206,CC(C[N+](CC(CC(C)(C)C)C)(C)C)CC(C)(C)C
C0207,CCn1c(=CC=Cc2n(CC)c3c([n+]2CC)c(Br)c(c(c3Br)Br)Br)n(c2c1c(Br)c(Br)c(c2Br)Br)CC
C0208,CC(=CC[N+](c1cc(c(c(c1)C(C)(C)C)O)C(C)(C)C)(C)C)C
C0209,CCCCCCCCCCCCCC[n+]1ccccc1
C0210,CC1=NC(=C([NH2+]1)C)C
C0211,CCCCCCCC[n+]1c(C)n(c2c1cc(Cl)c(c2)Cl)CC(=O)O
C0212,Clc1ccc(c(c1)Cl)C[n+]1ccn(c1)O
C0213,CC[N+](CO[C@H]1C[C@@H](C)CC[C@@H]1C(C)C)(CC)C
C0214,CCn1cc[n+](c1C)CC
C0215,COC(=O)C[N+](Cc1ccccc1C)(C)C
C0216,CCCCn1cc[n+](n1)N
C0217,C=CC[N+](c1ccccc1)(CC#C)CC=C
C0218,Nn1c[nH+]nc1
C0219,CCOCCn1c[n+](c2c1ccc(c2)C)CC=CC
C0220,CCCCCC[N+](c1ccccc1OC)(C)C
C0221,CCCCNC(=O)Cn1cc[n+](c1)C
C0222,CCCCCCCCCCCCCCCCCC[n+]1ccc(cc1)C
C0223,N#CCC[n+]1cccc(c1)N
C0224,C[n+]1c2ccccc2n(c1C(F)(F)F)C
C0225,O=C1CCCCC[NH2+]1
C0226,CCCCCCCC[NH+]1C=CN(C1)CCP(=O)(OCC)OCC
C0227,CC[N+](C(c1ccccc1)C)(Cc1ccccc1)CC
C0228,CCCC[n+]1cc(n(c1)C)C[C@H]1COC(=O)[C@H]1CC
C0229,CCCCOC(C[N+](C)(C)C)CC
C0230,CCCC(=O)OCC[N+](C)(C)C
C0231,CCC[N+](CC)(C)C
C0232,COc1cc(cc(c1)OC)C[N+](C)(C)C
C0233,N#CCCC[N+]1=CC=CC=C1
C0234,CCCCCC[N+](CCCCCC)(CCCCCC)CCCCCC
C0235,Cn1n[n+](c2c1cccc2)Cc1ccccc1
C0236,Nc1c(Cn2cc[n+](c2)C(C)(C)C)cc(cc1C(C)(C)C)C(C)(C)C
C0237,CCOC(=O)C[N+](CC=C)(C)C
C0238,CCc1[n+](ccn1OC(=O)C(C)(C)C)CC(=O)c1ccc(cc1)Cl
C0239,OC(=O)CCCn1cc[n+](c1)CCCC(=O)O
C0241,CCCCCCCCCCC[n+]1ccn(c1)C
C0242,CCCCCCCC[n+]1ccn(c1)CC
C0243,CCC[N+](C)(C)C
C0244,CCCCCCCCCCCC[N+](CCC)(CC)CC
C0246,C=CCn1c[n+](c(c1)Cl)C
C0247,C=CC[N+](C)(C)C
C0248,C=CCn1c[n+](c2c1cccc2)CC#C[Si](C)(C)C
C0249,CCCC[NH+]1C=CN(C1)CCP(=O)(OCC)OCC
C0250,CC[n+]1ccc(cc1)C
C0251,[NH3+][C@H](C(=O)O)C(C)C
C0252,O=C(c1cccs1)C[n+]1c(C)n(c2c1cccc2)N
C0253,C#CCn1cc[n+](c1)CC#C
C0254,ON=C(C[n+]1ccn(c1)C)C
C0255,CC([n+]1ccn(c1)Cc1ccccn1)(C)C
C0256,Fc1ccc(cc1)C[n+]1ccccc1
C0257,C[n+]1ccn(c1)CCC(C(S(F)(F)(F)(F)F)(F)F)(F)F
C0258,O=C(C(C)(C)C)C[n+]1c(N)n(c2c1cccc2)N
C0259,C=C[n+]1ccc(cc1)C
C0260,COCC[N+](CC)(CC)CC
C0261,Cn1cc[n+](c1)CC(=O)c1ccccc1F
C0262,CCCCCC[n+]1c2cc(Cl)c(cc2n(c1C)CCCC(=O)O)Cl
C0263,OC(=O)CCCn1c(C)[n+](c2c1cccc2)Cc1ccccc1
C0264,CCCCNC(=O)Cn1c(C)[n+](c2c1cccc2)CC(=O)c1ccccc1
C0265,CCCCCCCCCCCCn1c2cc(Cl)c(cc2[n+](c1C)CCCC(=O)O)Cl
C0266,CC[C@@H]1C(=O)OC[C@@H]1Cc1c[n+](cn1C)CC(=O)c1ccc(cc1)N(=O)=O
C0267,CC(C[n+]1ccn(c1)C)C
C0268,CCCC[N+](=C(N(C)C)N(C)C)C
C0269,CCCCCCCCCCCCCCCC[N+](c1ccccc1)(C)C
C0270,C=CCn1c[n+](c2c1cccc2)CC=C
C0271,COCCn1c[n+](c2c1ccc(c2)C)CCc1ccccc1
C0272,CCC[N+](CC)(CC)C
C0273,OCC[n+]1ccc(c(c1)C)C
C0274,NC(=O)C[n+]1ccccc1
C0275,O=C(c1ccccc1)C[n+]1ccn(c1)c1c(Nc2ccccc2)sc(c1c1ccccc1)C(=O)C
C0276,On1cc([n+](c1c1ccccc1)O)Br
C0277,Cn1nc([n+](c1C)C)C(C(C(C(C(C(C(C(F)(F)F)(F)F)(F)F)(F)F)(F)F)(F)F)(F)F)(F)F
C0278,COC(=O)C(C(O)C)[NH3+]
C0279,CCCCCCCCCCCCCCCCCC[n+]1ccccc1
C0280,CCCCCCCC[n+]1ccn(c1)CCC
C0281,CC([N+](c1ccccc1)(C)C)c1ccccc1
C0282,CC(=CC[n+]1ccc(cc1)C)C
C0283,COC(=O)C[N+](Cc1cccc2c1cccc2)(C)C
C0284,COC[N+](C)(C)C
C0285,CC[N+](c1ccccc1)(Cc1ccccc1)C
C0286,CCCCCCCCCCCCCCCCCC[N+](CCCCCCCCCC)(C)C
C0287,CCCC[NH2+]CCCC
C0288,C[n+]1ccn(c1)C(C(F)F)(F)F
C0289,CCCCCCNC(=O)Cn1cc[n+](c1)CC(=O)NCCCCCC
C0290,CCCCCCCC[n+]1ccn(c1)C
C0291,COCC[n+]1ccn(c1)C
C0292,N#CCCn1c[n+](c(c1)c1ccccc1)CC(=O)Nc1ccc(cc1)C(=O)OC
C0293,CCCCCCC[n+]1ccn(c1)C
C0294,OCC[N+](Cc1ccccc1)(C)C
C0296,O=C(c1ccccc1)Cn1cc[n+](c1)CC(=O)c1ccccc1
C0297,CCCC[N+](CCCC)(CCCC)CCCC
C0298,CCn1cc[n+](n1)N
C0300,Clc1ccccc1C[n+]1ccn(c1C)CCC(c1ccccc1)(c1ccccc1)C(=O)N
C0301,Clc1ccc2c(c1)[n+](C)cn2C
C0302,CCCC(C[N+](C)(C)C)OCC
C0303,OCCC[N+](Cc1ccccc1C)(C)C
C0304,C[NH+]=C1N(C)CCN1C
C0305,CC[n+]1cn(cc1C)C
C0306,CCOC(=O)Cn1c(C)[n+](c2c1cccc2)CC(=O)c1ccccc1
C0308,CCCCCCCCCCCCCCCC[N+](CCOC(=O)C)(CC)CC
C0309,CCCCCCCCCCC[n+]1c2cc(Cl)c(cc2n(c1C)CCCC(=O)O)Cl
C0310,C[S+](C)C
C0312,Cn1cc[n+](c1)CC(c1ccccc1)O
C0313,CCCC[N+](CCCC)(C)C
C0315,CCCC[N+]1(C)CCCC1
C0316,C=CCn1cc[n+](c1)C
C0317,COc1ccc(cc1)Cn1cc[n+](c1C)CC(=O)c1ccc(cc1)C
C0318,CCC[N+]1(C)CCOCC1
C0319,CCCCCC[N+](CCCC)(CCCC)CCCC
C0320,CCCCCCCCCCCC[N+](Cc1ccccc1)(CCCC)C
C0321,Brc1ccc(cc1)C(=O)C[n+]1cn(c2c1cccc2)Cc1ccccc1
C0322,CCCCn1n[n+](c2c1cccc2)CCCC
C0323,Clc1ccc(cc1)C(=O)C[n+]1ccn(c1C)C
C0324,CCCCCCCCCCCCCCCCn1c(=CC=Cc2n(CCCCCCCCCCCCCCCC)c3c([n+]2CCCCCCCCCCCCCCCC)cccc3)n(c2c1cccc2)CCCCCCCCCCCCCCCC
C0325,N#CCC[n+]1ccc(cc1)C
C0326,Cn1c[n+](nc1)N
C0327,COC(=O)c1cc[n+](cc1)C
C0328,COC(=O)c1ccc[n+](c1)C
C0329,OS(=O)(=O)CCCC[N+](C)(C)C
C0330,CC[N+](CC(CC(C)(C)C)(O)C)(CC)C
C0331,CCOC(=O)C([N+](Cc1ccccc1)(C)C)C
C0332,CCCCCC[N+](CCCCCC)(C)C
C0334,C=CCn1c[n+](c2c1cccc2)CC(=O)c1ccccc1
C0335,c1ccc(cc1)Cn1cc[n+](c1Sc1ccccc1)Cc1ccccc1
C0336,CC[n+]1cccc(c1)O
C0337,CCCC[N+](CCCC)(CCCC)C
C0338,C[C@@H]([n+]1ccccc1)C(=O)C
C0339,C[n+]1ccn(c1)Cc1cc2ccc1CCc1ccc(CC2)c(c1)C1=NC(CO1)(C)C
C0340,COC(=O)C=Cc1ccc(cc1)C[n+]1ccn(c1)C(=O)C
C0341,Brc1ccc(cc1)C[n+]1cn(c2c1cccc2)CCC[Si](C)(C)C
C0342,CCCCCCCCCCn1cc[n+](c1C)C
C0343,Clc1ccc(cc1)C(=O)C[n+]1ccn(c1)C
C0344,CC(CCC[N+](C)(C)C)C
C0345,N#CC[n+]1ccc(cc1)C
C0346,CC([n+]1ccccc1)C
C0347,CCCCCCC(=O)C[N+](CC)(CC)CC
C0348,CCCCCCCCCCCCCCCC[N+](C(O)C)(C)C
C0349,CC([N+](C)(C)C)CC1CCCCCC1
C0350,CCCCCCCCn1c(=CC=Cc2n(CCCCCCCC)c3c([n+]2CCCC(=O)O)cc(c(c3)Cl)Cl)n(c2c1cc(Cl)c(c2)Cl)CCCC(=O)O
C0351,CCCCCCCCCCCC[N+](CC(=O)O)(CC)C
C0352,CCCCCC[N+](CC)(CC)CC
C0353,CC[N+](C(c1ccccc1)C)(CC)C
C0354,C=CCn1c[n+](c2c1cccc2)Cc1ccccc1
C0355,Cc1ccc(cc1)C(c1ccc(cc1)C)C[N+](C)(C)C
C0357,O=C(c1ccccc1)C[n+]1c2ccccc2n(c1C)NCc1ccccc1
C0358,CCCCCCCCCCCCC[N+](Cc1ccccc1)(C)C
C0359,Cc1ccc(cc1)C(=O)C[n+]1ccn(c1)C
C0360,COC(=O)C[n+]1c(N)n(c2c1cccc2)NCc1ccccc1
C0361,Fc1ccc(cc1)Cn1c[n+](c(c1C)C)Cc1ccc(cc1)F
C0362,CCCCCCCCCCC[n+]1ccccc1
C0363,CCCn1c[n+](c2c1cccc2)CCC#N
C0364,N#CC[n+]1ccccc1
C0365,CC(OC(=O)C[n+]1ccccc1)C
C0366,Cn1cc[n+](c1)CC(=O)c1ccc2c(c1)cccc2
C0367,FCC[n+]1cccc(c1)C(=O)OCC
C0368,OCCOCC[N+](C)(C)C
C0369,C=CC[n+]1cccc(c1)C=O
C0370,CC(=O)[C@H]([n+]1ccccc1C)C
C0371,CN1NN([NH+]=C1C)N
C0372,CC(=O)C[N+](Cc1ccccc1C)(C)C
C0373,CC(=O)Cn1c(C)[n+](c2c1cccc2)C
C0374,CCCC([N+](C)(C)C)C
C0375,OC(=O)CCCCC[n+]1ccn(c1)C
C0376,O=C(c1ccccc1)OC([N+](C)(C)C)c1ccccc1
C0377,O=C(c1ccccc1)C[n+]1ccn(c1C(=C)C)C
C0378,N#Cc1cc[n+](cc1)CC
C0379,C[N+](Cc1ccccc1)(CCCCOc1cccc2c1cccc2)C
C0380,CC(=O)C[n+]1cn(c2c1cccc2)Cc1ccccc1
C0381,[N+](CCC)(CCC)(C)CC
C0382,Cn1cc[n+](c1)CC(=O)c1ccc(c(c1)C)C
C0383,Cn1cc[n+](c1)C(C(=O)c1ccccc1)(C)C
C0384,CCn1c(=CC=Cc2n(CC)c3c([n+]2CC)c(Br)c(c(c3Br)Cl)Cl)n(c2c1c(Br)c(Cl)c(c2Br)Cl)CC
C0385,CC(c1cc(cc(c1O)C(C)(C)C)[N+](Cc1ccccc1)(C)C)(C)C
C0386,CCOC(=O)c1c[n+](ccc1C(c1ccccc1)c1ccccc1)Cc1ccccc1
C0387,CC[N+](CC#C)(CC)CC
C0388,Oc1cccc(c1)[N+](C)(C)C
C0389,C=CC[n+]1ccccc1CO
C0390,CCCCCCCCCCCC[n+]1c2ccccc2n(c1N)CCCc1ccccc1
C0391,C[n+]1cn(cn1)N
C0392,C=CC[N+](CCOC(=O)CCCCCCCCCCC)(CCOC(=O)CCCCCCCCCCC)C
C0393,CCCCCC[NH+]1C=CN(C1)CCCP(=O)(OCC)OCC
C0394,CCCC[N+](CO[C@H]1C[C@@H](C)CC[C@@H]1C(C)C)(C)C
C0395,C[n+]1ccc(cc1)Cc1ccccc1
C0396,CC[n+]1ccn(c1)C(c1ccccc1)c1ccccc1
C0397,CCCCC[N+]1(C)CCCC1
C0398,OCC([n+]1ccn(c1)CC)C(C)C
C0399,CCOC(=O)[C@H]([n+]1ccn(c1)C)C
C0400,CC[n+]1ccc(cc1)N(C)C
C0401,COCC[N+]1(C)COCC1
C0402,NNC(=O)C[n+]1ccccc1
C0403,CCCCCCCn1cc[n+](c1)CC(=O)c1ccc(cc1)NS(=O)(=O)C
C0404,CCCCCOC(C[N+](C)(C)C)CCC
C0405,Nn1c[n+](nc1)CCBr
C0406,COCC[N+](CC)(CC)C
C0408,CCOC(C[N+](C)(C)C)OCC
C0409,CCCCCCOc1cc2c(cc1OCCCCC[NH+]=C(N(C)C)N(C)C)c1cc(OCCCCCC)c(cc1c1c2cc(OCCCCCC)c(c1)OCCCCCC)OCCCCCC
C0411,C[N+]1(C)CCCC1
C0412,CCCCCCCCCC[N+](CC)(CC)CC
C0413,Cc1cc(cc(c1)C)C[N+](C)(C)C
C0414,ON=CC[n+]1ccn(c1C1OCCO1)C
C0415,CCCCOC[N+](C)(C)C
C0416,COC(=O)C(C(C)C)[NH3+]
C0417,CCCCCCCCCCCC[n+]1cn(c2c1cccc2)CC
C0418,C[N+](Cc1ccccc1)(CCCCOc1ccc2c(c1)cccc2)C
C0419,CCCCCCCC[n+]1c(N)n(c2c1cccc2)Cc1ccccc1
C0420,CN1[NH+]=C(N(N1)C)C
C0421,CCc1n(OCc2ccccc2)cc[n+]1Cc1ccc(cc1Cl)Cl
C0423,N#CC[n+]1ccc(cc1C)C
C0424,Cc1n(cc[n+]1Cc1ccccc1)CC1OC(=O)C(C1)(c1ccccc1)c1ccccc1
C0425,CCCCOC(=O)c1ccc[n+](c1)CCCC
C0426,Cc1ccc2c(c1)[n+](CCc1ccccc1)cn2CCc1ccccc1
C0428,CCCCCCCCCCCCCCCC[n+]1ccccc1
C0429,CCCCCC[N+]1(C)CCCC(C1)C
C0430,N[NH+]1C=NC=N1
C0431,CCC[n+]1ccn(c1)C(C(F)F)(F)F
C0432,CC(c1ccc(c(c1)C[N+](Cc1ccccc1)(Cc1ccccc1)C)C)C
C0433,COC[P+](C)(C)C
C0434,C=CC[n+]1cn(c2c1c(C)ccc2)C(CC#N)C
C0435,BrCCC[n+]1ccn(c1)C
C0436,BrCCCCCCCC[n+]1c(N)n(c2c1cccc2)Cc1ccccc1
C0437,CCCCCCCCCC[n+]1ccc(cc1)C(=O)OCC
C0438,OC(=O)CC[N+](CC(=O)O)(C)C
C0439,COc1ccc(cc1)C(=O)C[n+]1ccn(c1C)Cc1ccccc1
C0440,C1COCC[NH2+]1
C0441,CC[N+](CC)(C)C
C0442,C1=NC=N[NH2+]1
C0443,CCn1cc([n+](c1)CC)C
C0444,C[N+](c1ccccc1)(Cc1cccc(c1)Oc1ccccc1)C
C0445,CCCCn1c(C)[n+](c2c1cc(Cl)c(c2)Cl)CCCC(=O)O
C0446,CC[N+](CO[C@H]1C[C@@H](C)CC[C@@H]1C(C)C)(C)C
C0447,OCCCCCC[n+]1c(N)n(c2c1cccc2)Cc1ccccc1
C0448,N#CCn1cc[n+](c1)C
C0449,OCC[NH3+]
C0450,O=C(c1cccs1)C[n+]1cn(c2c1cccc2)Cc1ccccc1
C0451,COC(=O)Cn1c(C)[n+](c2c1cccc2)CC(=O)c1ccc(cc1)C
C0452,COCC[N+](C)(C)C
C0453,N#Cc1ccc2c(c1)[n+](CCOC(=O)C)c(n2CCOC(=O)C)C=CC=c1n(CC)c2c(n1CC)cc(c(c2)Cl)Cl
C0454,CC(=O)OCC[N+](Cc1ccccc1)(C)C
C0455,CCCCCC[P+](CCCCCC)(CCCCCC)CCCCCC
C0456,O=C(c1ccc(cc1)N(=O)=O)Cn1cc[n+](c1)CC(=O)c1ccc(cc1)N(=O)=O
C0457,CC[N+](CC#Cc1ccccc1)(CC)CC
C0458,CC[N+](Cc1ccccc1)(Cc1ccccc1)CC
C0459,CCCC[n+]1nn(c2c1cccc2)C
C0460,CC[n+]1ccn(c1)C
C0461,Cn1cc[n+](c1c1ccccc1)C
C0462,O=C(c1ccccc1)C[n+]1ccn(c1C)Cc1ccccc1
C0463,CCN(C(=O)C[n+]1ccn(c1)C(C)(C)C)CC
C0464,Cc1ccc2c(c1)[n+](CC(=O)c1ccccc1)cn2C
C0465,CC(c1cc(cc(c1O)C(C)(C)C)[N+](CC=Cc1ccccc1)(C)C)(C)C
C0466,NC(=O)C(c1ccccc1)(c1ccccc1)CCn1cc[n+](c1C)Cc1ccc(cc1)N(=O)=O
C0467,CCOn1cc[n+](c1)Cc1ccc(cc1)N(=O)=O
C0468,CNC(=O)C[n+]1c(N)n(c2c1cccc2)Cc1ccccc1
C0469,CC(C[n+]1ccccc1)C
C0470,CCCc1n(CCC#N)c2c([n+]1CC(=O)c1ccccc1)cccc2
C0471,C[N+](CCCCC)(CC)C
C0472,O=C(c1ccccc1)C[n+]1cn(cc1C)C(c1ccccc1)(c1ccccc1)c1ccccc1
C0473,CC[NH+](CC)CC
C0474,OC(=O)[C@@H]1CCC[NH2+]1
C0475,OCC(C[N+](C)(C)C)O
C0476,CC[n+]1cccc(c1)C(=O)N(CC)CC
C0477,Brc1c(Br)c(Br)c2c(c1Br)[n+](C)c(n2C)C(F)(F)F
C0478,C=C[n+]1ccccc1
C0479,CC[n+]1ccccc1C
C0480,COC(=O)Cn1c(C)[n+](c2c1cccc2)CC(=O)c1ccc(cc1)N(=O)=O
C0481,CC[NH+]1C=NC=C1
C0482,OCC[N+](C)(C)C
C0483,CCCCc1ccc([n+](c1)CC(=O)OCC)C
C0484,CCn1c[n+](c2c1cccc2)CC
C0485,CC[n+]1c([nH]c2c1cccc2)c1cc(C)nc2c1cccc2
C0486,CCCCCCCCCc1n(C)cc[n+]1CC=C
C0487,OCCc1[n+](Cc2ccccc2)cn(c1C)Cc1ccccc1
C0488,C[N+](CCCS(=O)(=O)O)(C)C
C0489,CCN(C(=O)C[n+]1ccn(c1)C)CC
C0490,CCOC(=O)Cn1c(Cc2ccccc2)[n+](c2c1cccc2)CC(=O)c1ccccc1
C0491,COC(=O)C[NH3+]
C0492,COC(=O)C([NH3+])C
C0493,CCC[P+](C)(C)C
C0494,CCO[n+]1ccc(cc1)OC
C0495,COC[n+]1ccn(c1)C
C0496,CCCOCn1cc[n+](c1)COCCCC
C0497,COc1ccc(cc1)[n+]1ccn(c1)C
C0498,Cc1ccc(cc1)C(=O)C[n+]1ccn(c1C)c1ccccc1
C0499,CC(=C)C#CC[N+](c1cc(c(c(c1)C(C)(C)C)O)C(C)(C)C)(C)C
C0500,CCCCn1cc[n+](c1)C=C
C0501,OCCC[N+](CC)(CC)CC
C0502,CCCC[NH+]1CCC=C1C
C0503,Cc1[n+](C)c(c(n1C)C)C
C0504,C[n+]1cccc(c1)c1ccccn1
C0505,CCCC[n+]1ccn(c1)C
C0506,COC(=O)Cn1cc([n+](c1)CC(=O)OC)C(=O)OC
C0507,CC[C@H]([n+]1ccccc1)C(=O)OCC
C0508,[NH3+][C@H](C(=O)O)CC(C)C
C0509,CCCCCCCCC[n+]1ccn(c1)C
C0510,CCOC(=O)C[n+]1c2ccccc2n(c1C)CC
C0511,[NH3+]CC(C)C
C0512,CCCCCCCCCCCC[N+](CCCCCCCCCCCC)(CCCCCCCCCCCC)C
C0513,CCCCCCCCCn1c(C)[n+](c2c1cccc2)CCCCCCCCC
C0514,CCCCCCCCCC[N+](CCCCCCCCCC)(C)C
C0515,CCCCCCCCCC[n+]1ccn(c1)C
C0516,CCCC[N+]1=C(SC[C@H]1CC)C(C)C
C0517,[O-][N+](=O)c1cn(c([n+]1C)C)C
C0518,C[N+](Cc1ccccc1)(CCCCCOc1ccccc1)C
C0519,CCCC[P+](CC)(CC)CC
C0520,COc1cc[n+](cc1)C(C)C
C0521,C=CC[n+]1cccc(c1)C(=O)N(CC)CC
C0522,CCCCCCCCCC[n+]1ncn(c1)C(F)C
C0523,Brc1[n+](C)c(c(n1C)Br)Br
C0524,CCCCCCCC[n+]1ccc(cc1)CCC
C0525,C#CC[N+](C(C(=O)c1ccccc1)c1ccccc1)(C)C
C0526,CCCCCCC[N+](C)(C)C
C0527,CCCCCCCCCCCC[n+]1ccccc1
C0528,C#CCCCn1cc[n+](c1)CCCC#C
C0529,CC[C@@H]1C(=O)OC[C@@H]1Cc1c[n+](cn1C)CC(=O)c1ccc(cc1)Br
C0530,OCC[n+]1ccccc1
C0531,CCOC(=O)CC[n+]1ccccc1
C0532,CCc1ccc(cc1)[N+](Cc1ccccc1)(C)C
C0533,COCC[N+](CCOC)(CCOC)CCOC
C0534,C=CC[N+](c1ccc(cc1)OC)(Cc1ccccc1)C
C0535,CCCCCCCCCC[n+]1ccccc1
C0536,C[N+](CC#Cc1ccccc1)(CC=Cc1ccccc1)C
C0537,CCCCCCCCCCCC[n+]1c(N)n(c2c1cccc2)Cc1ccc(cc1)C
C0538,CCCCCCCCCC[n+]1cccc(c1)CCCCC
C0539,CCOC(=O)Cn1c(C)[n+](c2c1cccc2)CC(=O)OCC
C0540,COc1ccccc1C(=O)C[n+]1ccn(c1)C
C0541,FC(C(S(F)(F)(F)(F)F)(F)F)(CC[n+]1ccccc1)F
C0542,C[N+](Cc1ccccc1)(Cc1ccccc1)C
C0543,CCCC[N+]1(C)COCC1
C0544,Clc1ccc(cc1)C(=O)C[n+]1ccn(c1C)Cc1ccccc1
C0545,CC(=C)C[N+](c1cccc(c1)O)(C)C
C0546,CCCCC[NH3+]
C0547,Clc1ccc(cc1)C(=O)C[n+]1ccn(c1C)OCc1ccc(cc1Cl)Cl
C0550,CCCC[n+]1ncn(c1)CCC(F)(F)F
C0551,CC(=O)C[n+]1ccccc1
C0552,CCC(C[N+](C)(C)C)(O)C
C0553,CC[NH+]1C=CN=C1C
C0554,[N-]=[N+]=NCC[n+]1cn(cn1)N
C0557,CCCCCCC[N+](CC)(CC)CC
C0558,CCCCCCCCCCCCCC[n+]1cccc(c1)CCCCC
C0559,CCCCCCCCCCCCCC[P+](CCCCCCCC)(CCCCCCCC)CCCCCCCC
C0560,CCc1n(OCc2ccc(cc2Cl)Cl)cc[n+]1Cc1ccc(cc1)N(=O)=O
C0561,CC[N+]1(C)CCOCC1
C0562,CC(C[N+](C)(C)C)OC(=O)C
C0563,C#CC[N+](CC#Cc1cccc2c1cccc2)(C)C
C0564,Clc1ccc(c(c1)Cl)C[n+]1ccn(c1)OCCc1ccccc1
C0565,CCCCCCC[N+](CCCCCCC)(CCCCCCC)CCCCCCC
C0568,CCCC[N+](=C1N(C)CCCN1C)C
C0569,O=C(c1ccc(cc1)N(=O)=O)C[n+]1c(C)n(c2c1cccc2)c1ccccc1
C0570,FC(C(C(C(S(F)(F)(F)(F)F)(F)F)(F)F)(F)F)(CC[n+]1ccccc1)F
C0571,N#CCCCn1cc[nH+]c1C
C0573,Cn1cc[n+](c1)C(C(=O)c1ccccc1)C
C0574,CCCc1cccc[n+]1C
C0575,CCCn1cc[n+](c1)CCC
C0576,CCCCCCCCCCCc1[n+](C)ccn1Cc1ccccc1
C0577,Cn1cc[n+](c1)CCc1ccccc1
C0578,CCCCCCCCCC[n+]1ccn(c1C)Cc1ccccc1
C0579,Cn1nc[n+](c1)CCC(C(C(C(C(C(F)(F)F)(F)F)(F)F)(F)F)(F)F)(F)F
C0580,CCCC(c1ccccc1)C(=O)OCC[N+](CC)(CC)C
C0581,CC[C@@H]1C(=O)OC[C@@H]1Cc1c[n+](cn1C)CCc1ccccc1
C0582,C[NH+]1C=NC=C1
C0583,[N-]=[N+]=NCCn1cn[n+](c1)C
C0584,CC(CC[n+]1ccn(c1)C)C
C0585,Cn1cc[n+](c1Sc1ccccc1)Cc1ccccc1
C0586,C=CC([N+](Cc1ccccc1)(C)C)(CC=C)C
C0587,C[C@@H]([n+]1ccccc1)C(=O)N
C0588,C=CC=C(C[N+](CC=Cc1ccccc1)(C)C)C
C0589,N#CCCn1c(C)[n+](c2c1cccc2)CC(=O)c1ccccc1
C0590,N#CCCn1c[n+](c(c1)c1ccccc1)Cc1ccccc1
C0591,CCC(=O)C[n+]1ccn(c1)CCC(F)(F)F
C0592,CC[C@@H]1C(=O)OC[C@@H]1Cc1c[n+](cn1C)Cc1cccc(c1)C
C0593,C[n+]1cnn(c1)C
C0594,Cn1cc[n+](c1)CC(=O)c1ccco1
C0595,CCOC=C([NH+](C)C)C
C0596,c1ccc(nc1)[n+]1ccccc1
C0597,CC[N+](CC)(CC)C
C0598,CC[S+](CC)CC
C0599,C[n+]1ccccc1
C0600,CCCC[NH3+]
C0601,C[n+]1ccn(c1)C(c1ccccc1)c1ccccc1
C0602,COc1ccc(cc1)[N+](C(c1ccccc1)C)(C)C
C0603,[NH3+]CCC(C)C
C0604,OC[C@@H](n1cc[n+](c1)CC)C
C0605,CCCCCCCC[N+](CCO)(C)C
C0606,C=CCC=CC[N+](Cc1ccccc1)(C)C
C0607,COC(=O)C[n+]1ccccc1
C0608,C=CC[P+](C)(C)C
C0609,Clc1ccc(cc1)C(=O)C[n+]1ccn(c1)OC(=O)C(C)(C)C
C0610,C=CC[n+]1cn(c2c1cc(C)cc2)CCOCC
C0611,CCCCOC(C[N+](C)(C)C)CCC
C0612,CC(Cn1c[n+](c2c1cccc2)C)C
C0613,CC[C@@H]1C(=O)OC[C@@H]1Cc1c[n+](cn1C)CCCOc1ccccc1
C0614,CCCCCCCCCCCC[N+](CCc1cc(ccc1C)C(C)C)(C)C
C0615,CCCCCCCC[n+]1ccc(cc1)CC
C0616,CCOC(=O)C([n+]1ccccc1)C(=O)OCC
C0617,O=C(c1ccccc1)C[n+]1c2ccccc2n(c1C)N
C0618,O=C(c1ccc(cc1)Cl)C[n+]1ccn(c1C)OC(=O)C(C)(C)C
C0619,CCCCCCCCCCCCCCCCCC[n+]1ccc2c(c1)cccc2
C0620,CCCCCCCCCCCCCCCC[n+]1ccc(cc1)C
C0621,CCCCCCCCCCCCCC[n+]1ccc(cc1)CCCCCC
C0622,OC(=O)C[n+]1c(N)n(c2c1cccc2)Cc1ccccc1
C0623,CCC[NH+](CCC)CCC
C0625,C=CC[n+]1ccccc1
C0626,OCn1c[n+](c2c1cccc2)CC(=O)c1ccc(cc1)Br
C0627,CCCCCCCCCOCn1cc[n+](c1)COCCCCCCCCC
C0628,O=C(c1ccccc1)C[N+]([C@H](c1ccccc1)C)(C)C
C0629,COc1cccc(c1)C[N+](CC(=O)c1ccccc1)(C)C
C0630,C[C@H](C[n+]1ccn(c1)C)OCc1ccccc1
C0631,ON=Cc1cccc[n+]1CCO
C0632,CCCCCCCC[n+]1c2cc(Cl)c(cc2n(c1C=CC=c1n(CCC(=O)O)c2c(n1CCCCCCCC)cc(c(c2)Cl)Cl)CCC(=O)O)Cl
C0633,CCCCCCCc1n(C)cc[n+]1Cc1ccccc1
C0634,O=C(C(n1cc[n+](c1)C(C(=O)c1ccc(cc1)c1ccccc1)(C)C)(C)C)c1ccc(cc1)c1ccccc1
C0635,CC[N+]1(CC)CCNCC1
C0636,O=C(c1ccccc1)C[n+]1c(C)n(c2c1cccc2)N=Cc1ccc(cc1)N(=O)=O
C0638,CCCCCCCCCCCCCCCC[P+](CCCC)(CCCC)CCCC
C0639,C=Cn1cc[n+](c1)CC
C0640,Cc1ccc(c2c1cccc2)C[N+](C)(C)C
C0641,C[N+](=c1n(C)cnn1C)C
C0642,C=CC[n+]1ccc(cc1)C=NO
C0643,COc1cccc(c1)C(=O)C[n+]1ccn(c1SC(C)C)C
C0644,OC(=O)Cn1c2ccccc2[n+](c1Cc1ccccc1)CC(=O)c1ccccc1
C0645,CC[NH+]1CCC=C1C
C0646,CCOn1cc[n+](c1)CC(=O)c1ccc(cc1)Cl
C0647,CCC[NH3+]
C0648,C=CC[n+]1cn(cc1c1ccccc1)CCC#N
C0649,[N+](CCCC(F)(F)F)(CC)(C)CC
C0650,CC[n+]1ccc(cc1)C(=O)N
C0651,N#CCC(n1c[n+](c2c1cccc2C)Cc1ccccc1)C
C0652,CCc1n(OCc2ccc(cc2Cl)Cl)cc[n+]1OCc1ccc(cc1Cl)Cl
C0653,Cn1cc[n+](c1)CC(=O)c1ccc(c(c1)Cl)Cl
C0654,COC(=O)C(Cc1ccccc1)[NH3+]
C0655,O=C1N(CCCCCCCCCCCC[n+]2c3ccccc3n(c2N)Cc2ccccc2)C(=O)c2c1cccc2
C0656,CCC[N+](CCC)(CCC)CCC
C0658,CCCCCCCCCCCCCn1cc[n+](c1)C
C0659,N#CCC[n+]1ccc(c(c1)C)C
C0660,OC(=O)CCC[n+]1ccccc1
C0661,CC=CC([N+](C)(C)C)C
C0662,CCCCCCCCCC[N+](CO[C@H]1C[C@@H](C)CC[C@@H]1C(C)C)(C)C
C0663,CCCCCCCCCCCC[n+]1ccc2c(c1)cccc2
C0664,COCC[N+](=C(N(C)C)N(C)C)CCOCC
C0665,CCCCCCCCCCCCCC[n+]1ccn(c1)C
C0666,Cn1c2ccccc2[n+](c1Sc1ccccc1)Cc1ccccc1
C0668,C[n+]1ccn(c1)CCCSC(=S)N1CCOCC1
C0669,C=CC[N+](CC(=O)OCC)(CC)CC
C0670,CCOC(=O)C[n+]1c(c2ccc(o2)c2ccc(cc2)Cl)n(c2c1cc(cc2)S(=O)(=O)C)C
C0671,O=C(c1ccccc1)C[N+](CCCc1ccccc1)(C)C
C0672,CCOC(=O)C[n+]1c(C)n(c2c1cccc2)C
C0673,OCC([n+]1ccn(c1)CC)C
C0674,COc1ccc2c(c1)[n+](CC(=O)c1ccccc1)cn2C
C0675,FC(C(S(F)(F)(F)(F)F)(F)F)(CC[n+]1ccccn1)F
C0676,CCCCCCCCCCCCCC[n+]1ccc(cc1)C
C0677,C[N+](CCc1ccccc1)(C)C
C0678,COCC[P+](CC)(CC)CC
C0679,C[NH3+]
C0680,CCCCCCCn1c2cc(Cl)c(cc2n(c1=C/C=C/c1[n+](CCCCCCC)c2c(n1CCCC(=O)O)cc(c(c2)Cl)Cl)CCCC(=O)O)Cl
C0681,CCCCCCCCCCCC[N+]1=C(SC[C@H]1CC)C(C)C
C0682,CCCCCCCCCCCC[N+](Cc1ccccc1)(CC)C
C0683,Cc1cccc(c1)C[n+]1ccn(c1C)CCC(c1ccccc1)(c1ccccc1)C(=O)N
C0684,C=CC[n+]1cn(c2c1cccc2)CCC[Si](C)(C)C
C0685,CCCn1cc[n+](c1CC(C)C)CCC
C0686,CC[N+](CO[C@H]1C[C@@H](C)CC[C@@H]1C(C)C)(CC)CC
C0687,CC[N+](CC)(CC)CC
C0688,N#CC[N+](C)(C)C
C0689,[N-]=[N+]=NC1=N[NH2+]C=N1
C0690,CCOC(=O)CCc1cc[n+](cc1)C
C0691,COc1cc(OC)cc(c1)C(=O)C[n+]1ccn(c1)C
C0693,C#CC[n+]1c(CO)n(c2c1cccc2)CCC#N
C0694,CCCCCCCCCCCCCCCC[N+](CCOC(=O)C)(CCCC)CCCC
C0695,CC[N+](Cc1ccccc1)(CC)CC
C0696,O=C(c1ccccc1)C[N+](CC(=O)C)(C)C
C0697,CCCCCCCCCCCC[N+](CCO)(CCO)CC
C0698,Cn1cc[n+](c1)CC(=O)c1ccccc1
C0699,CCCCc1n(CCC#N)c2c([n+]1CC(=O)c1ccccc1)cccc2
C0700,FCCC[N+]1(C)CCOCC1
C0701,CCCCCCCCCCCCCCCC[n+]1cccc(c1)C
C0702,Nc1cn(c([n+]1c1ccccc1)c1ccccc1)c1ccccc1
C0703,CCCCCCCCCCCCCCCCCC[N+](CCO)(C)C
C0704,Cn1cc[n+](c1C)CCCOc1cscc1C
C0705,C[n+]1ccn(c1)CCCSC(=S)N(c1ccccc1)c1ccccc1
C0706,CCCCCCCCCCn1nc[n+](c1)CCC(C(C(C(F)(F)F)(F)F)(F)F)(F)F
C0708,CCCCCCCC[P+](CCCCCCCC)(CCCCCCCC)CC
C0709,CCCCCC[N+](C)(C)C
C0710,CCCCCC[n+]1ccccc1
C0711,CCCCCCCn1nc[n+](c1)CC(C(F)(F)F)O
C0712,OCC([N+](CC)(CC)C)c1ccccc1
C0713,CCCCCCCCCc1n(C)cc[n+]1Cc1ccccc1
C0715,OCCC[N+](Cc1cccc(c1C)C)(C)C
C0716,COC[N+](CC)(CC)CC
C0717,C#CC[N+](C)(C)C
C0718,Clc1ccc(cc1)C(=O)C[n+]1ccn(c1C)O
C0719,C#CCCCC[n+]1ccccc1
C0720,N#CCCn1c(C(O)C)[n+](c2c1cccc2)CC(=O)c1ccccc1
C0721,CCCCCCCCCCCCCC[n+]1cccc(c1)C
C0722,CCOC(=[N+](C)C)N(C)C
C0723,CCCCCCCCCCCC[n+]1ccn(c1)C
C0724,O=C(c1ccc(cc1)N(=O)=O)C[n+]1c(C)n(c2c1cccc2)NCc1ccccc1
C0725,On1cc[n+](c1Br)O
C0726,C=COCC[N+](CC)(CC)CC
C0727,C#CC[N+](CC#Cc1ccccc1)(C)C
C0728,COCC[N+]1(C)CCCCC1
C0729,CC[S+](C)C
C0730,ClS(=O)(=O)CCCC[P+](c1ccccc1)(c1ccccc1)c1ccccc1
C0731,Cn1cc[n+](c1)CCc1ccc(cc1)N(=O)=O
C0732,CCn1c(=CC=Cc2n(CC)c3c([n+]2CCOCCC(=O)O)cc(c(c3)Cl)Cl)n(c2c1cc(Cl)c(c2)Cl)CCOCCC(=O)O
C0733,C#CCn1cc[n+](c1)C
C0734,CCCC[n+]1ccccc1
C0735,CC(=C[N+](Cc1ccccc1)(C)C)C
C0736,CCCCCCCCCCCC[n+]1c2ccccc2n(c1N)Cc1ccccc1
C0737,O=Cc1ccc(cc1)OCCCCCCCCCC[N+](C)(C)C
C0738,CC[P+](CC)(CC)C
C0739,CCCCCC[NH+]1C=CN(C1)CCP(=O)(OCC)OCC
C0740,OCC[n+]1cccc(c1)C
C0741,CCCCCCCC[P+](CCCCCCCC)(CCCCCCCC)C
C0742,C[n+]1ccn(c1)CCCCC(C(S(F)(F)(F)(F)F)(F)F)(F)F
C0743,CCCC[n+]1ccccc1SCc1ccccc1
C0744,CCn1c2cc(Cl)c(cc2[n+](c1Cc1ccccc1)CCC(=O)C)Cl
C0745,CC(CC(c1ccc(cc1)OCCOCC[N+](Cc1ccccc1)(C)C)(C)C)(C)C
C0746,Cn1nn[n+](c1C)N
C0747,OC(=O)CCCCC[N+](C)(C)C
C0749,CCCCCCCCCCCCCCCC[N+](CC(CO)O)(C)C
C0750,CCCC[N+]1(C)CCOCC1
C0751,OCC[n+]1cccc(c1)O
C0752,CC(C(c1ccccc1)C[N+](C)(C)C)C
C0753,CC([N+](C)(C)C)CC1CCCCCCC1
C0754,CCc1ccc(cc1)C(=O)C[n+]1ccn(c1)C
C0755,O=C(c1ccccc1)C[n+]1ccn(c1C(=C)C(C)(C)C)C
C0756,CCCC[N+](CC)(CC)CC
C0757,COC(=O)Cn1cc[n+](c1)CC(=O)c1ccccc1
C0758,CCCCCCCCCCCCOc1ccccc1[N+](CCCCCCCCCC)(C)C
C0759,Cc1cc(C)[n+](c(c1C)C)C
C0760,COc1ccc(cc1)C(=O)C[n+]1c(N)n(c2c1cccc2)N
C0761,CCCCCCCCCCCCn1c(=CC=Cc2n(CCCCCCCCCCCC)c3c([n+]2CCCC(=O)O)cc(c(c3)Cl)Cl)n(c2c1cc(Cl)c(c2)Cl)CCCC(=O)O
C0763,C=CC[N+](CC=C)(CC=C)C
C0764,CCCCCCCCCCCC[N+](Cc1cc(ccc1C)C(C)C)(C)C
C0765,CC[n+]1cn(c2c1cccc2)CCC[Si](C)(C)C
C0766,CCCCCCCCCC[n+]1ccn(c1C)CC=C
C0767,CC[N+](C)(C)C
C0768,CCn1c2cc(Cl)c(cc2n(c1=CC=Cc1[n+](CCCC(=O)O)c2c(n1CC)cc(c(c2)Cl)Cl)CCCC(=O)O)Cl
C0769,CCOC(=O)Cn1c(CC)[n+](c2c1cccc2)CC(=O)c1ccccc1
C0770,C[N+](c1ccccc1)(CCc1ccccc1)C
C0771,[N-]=[N+]=NC1=NC(=N[NH2+]1)N=[N+]=[N-]
C0772,OCCC[N+](Cc1ccccc1)(C)C
C0773,Cn1cc[n+](n1)C
C0774,CC[N+](Cc1cccc(c1)Oc1ccccc1)(CC)CC
C0775,CCCCCCCCCCCCCCCCCC[N+](CCCCCCCCCCCC)(C)C
C0776,C[N+](C1CCCC1)(C)C
C0777,OS(=O)(=O)CCC[n+]1ccccc1
C0778,OC(=O)C[NH3+]
C0779,CC(C[NH2+]CC(C)C)C
C0780,OCC[N+](Cc1cccc(c1C)C)(C)C
C0781,CCCn1nc[n+](c1)CCCCC(C(S(F)(F)(F)(F)F)(F)F)(F)F
C0782,CCCCC[n+]1ccn(c1)C
C0783,O=C(c1ccccc1C[n+]1ccn(c1C)C)Oc1ccc(cc1)N(=O)=O
C0784,C[C@H]([NH3+])C(=O)O
C0785,O=C(c1ccc(cc1)Sc1ccccc1)Cn1cc[n+](c1C)CC(=O)c1ccc(cc1)Sc1ccccc1
C0786,CCCCCCCC[P+](CCCCCCCC)(CCCCCCCC)CCC
C0787,CCCCCC[n+]1ccc(cc1)N1CCC(CC1)C
C0788,C=CC[N+](c1ccccc1)(C)C
C0789,OCc1cccc[n+]1C(C)C
C0790,CCCC[N+](CC(=O)OCC)(CCCC)CCCC
C0791,CCCCCC[n+]1cc(C)cc(c1)C
C0792,OCC[n+]1cn(c(c1)C[C@H]1COC(=O)[C@H]1CC)C
C0793,FC(COCC[N+]1(C)CCOCC1)(F)F
C0794,OC[C@@H](n1cc[n+](c1)CC)CC(C)C
C0795,C[n+]1ccn(c1)C(=O)c1ccccc1
C0796,CC[N+](C(c1ccccc1)C)(CC)CC
C0797,C[N+](C1CCCCCC1)(C)C
C0798,CCCCCCCCc1ccc(cc1)[N+](Cc1ccccc1)(C)C
C0799,Cc1cc(C)c(c(c1)C)n1cc[n+](c1)c1c(C)cc(cc1C)C
C0800,CCCCCCCCCCCC[N+](Cc1ccc(cc1)C(=O)c1ccccc1)(C)C
C0801,C[n+]1nc(n(c1C)C)C(F)(F)F
C0802,CC(=C)C[N+](c1cc(C)ccc1O)(C)C
C0803,CCn1c[n+](c(c1c1ccccc1)c1ccccc1)CC
C0804,CC[n+]1cccc(c1)C(=O)C
C0805,CCCC[N+](CC#C)(CC#C)CC=C
C0806,c1ccc(cc1)C[n+]1ccccc1
C0807,c1cc[n+](cc1)CCOc1ccccc1
C0808,Clc1cccc(c1)C[n+]1ccn(c1C)CCC(c1ccccc1)(c1ccccc1)C(=O)N
C0809,COn1cc[n+](c1)CC(=O)c1ccc(cc1)Cl
C0810,Cn1cc[n+](c1)Cc1ccccc1
C0811,CCC[n+]1ccn(c1)C
C0812,Cc1ccccc1C[N+](c1ccccc1)(C)C
C0813,CCCCC[N+](CCCCC)(CC)CC
C0814,C=CC[n+]1ccc(cc1)C#N
C0815,C=CCn1c[n+](c2c1cccc2)CC#C
C0816,FCC[n+]1ccn(c1)CCO[Si](C)(C)C
C0817,CCn1c[n+](c2c1cccc2)CC(=O)c1ccc(cc1)Br
C0818,CCCCC[N+](CCCCC)(C)C
C0819,CCCCCCCCCCCCCCCCCC[N+](CCCCCCCC)(C)C
C0820,O=N(=O)c1ccc(cc1)Cn1c(N)[n+](c2c1cccc2)Cc1ccc(cc1)N(=O)=O
C0821,CCCCCC[N+]1(C)CCCC1
C0822,CCCCCC[N+](CCCCCC)(CC)CC
C0823,CCCCCCCCCCC[N+](CO[C@H]1C[C@@H](C)CC[C@@H]1C(C)C)(C)C
C0824,CC[C@@H]1C(=O)OC[C@@H]1Cc1c[n+](cn1C)Cc1ccc(cc1)C
C0825,CCCCCCCCCCCCCCC[N+](Cc1ccccc1)(C)C
C0826,[N-]=[N+]=NCC[n+]1cn(cn1)C
C0827,CCCCCCCCCCCCCCCC[n+]1cn(c2c1cccc2)CC
C0828,OC[C@@H](n1cc[n+](c1)CC)C(C)C
C0829,C=CCn1c[n+](c2c1cccc2)CC
C0830,CCOCCn1c[n+](c2c1cccc2)CC=CC
C0831,CCCCCCCCCCCC[N+](CCCC)(C)C
C0832,CCCCC[N+](CCCCC)(CCCCC)CCCCC
C0833,CC[N+](C1CCCCO1)(C)C
C0834,C[N+](Cc1ccccc1)(CCCCOc1ccccc1)C
C0835,CCCC[n+]1ccn(c1)CC
C0836,CCCCCCCCCCCC[n+]1c(N)n(c2c1cccc2)Cc1ccc(cc1)Cl
C0837,CCC[n+]1c(N)n(c2c1cccc2)Cc1ccccc1
C0838,O=Cc1ccc(cc1)[N+](C)(C)C
C0839,COn1cc[n+](c1)Cc1cc(OC)c(c(c1)OC)OC
C0840,CCCCCCCCCCCC[N+](CO[C@H]1C[C@@H](C)CC[C@@H]1C(C)C)(C)C
C0841,c1ccc(cc1)Cn1cc[n+](c1)Cc1ccccc1
C0842,CC(=O)Nc1cn(c([n+]1C)c1ccccc1)c1ccccc1
C0843,CC[NH3+]
C0844,CCCCCCCCCCCCCCCCCC[n+]1cccc(c1)C
C0845,CCCC[n+]1ccc(cc1)C
C0846,Cc1ccc[n+](c1)Cc1ccccc1
C0847,C1CC=C[C@@H](C1)[n+]1ccccc1
C0849,CCCCCCCCCCCC[n+]1ccc(cc1)CCC
C0850,CCCCCCCCCCCCCC[N+](Cc1ccccc1)(C)C
C0851,CC(Cn1c[n+](c2c1cccc2)CC(C)C)C
C0852,OCC[n+]1ccn(c1)C
C0853,CCCCCCCCCCCC[n+]1ccc(cc1)C
C0854,Cn1cc[n+](c1)C(C)C
C0855,CCC=Cc1ccc(cc1)[N+](Cc1ccccc1)(C)C
C0856,CCCC[n+]1ccn(c1)C(C(F)F)(F)F
C0857,N#CCC[n+]1cccc(c1)C
C0858,N#Cc1ccc(cc1)C(=O)C[n+]1ccn(c1)C
C0859,CC(c1ccccc1)C[N+](C)(C)C
C0860,CCOn1cc[n+](c1)Cc1ccc(cc1Cl)Cl
C0861,CC[C@@H]1C(=O)OC[C@@H]1Cc1c[n+](cn1C)Cc1cccc(c1)Cl
C0862,CC[n+]1ccn(c1CC)C
C0863,CCOC(=O)C[N+](CCC)(CCC)CCC
C0864,CCCCCCC[N+](CO[C@H]1C[C@@H](C)CC[C@@H]1C(C)C)(C)C
C0865,CCOC(=O)C[N+](CC)(CC)C
C0866,CCCCCCCCCCCc1ccc(cc1)[N+](Cc1ccccc1)(C)C
C0867,NC1CC(C)(C)[NH2+]C(C1)(C)C
C0868,CC[N+]12CCN(CC1)CC2
C0869,C=CC[N+](CC#C)(CC=C)CC=C
C0870,CCSC(=[N+](C)C)N(C)C
C0871,CC[N+]1(C)CCCCC1
C0872,CC[P+](CC)(CC)CC
C0873,O=C1CCC[NH2+]1
C0874,Clc1ccc(cc1)C[n+]1ccn(c1C)CCC(c1ccccc1)(c1ccccc1)C(=O)N
C0875,CCCCCCCCCCCc1n(cc[n+]1CCCCC)Cc1ccccc1
C0876,CC[N+]1(C)CCCC1
C0877,N#CCCC[n+]1cn(cc1c1ccccc1)CCC#N
C0878,CCCCN(C(=O)Cn1cc[n+](c1)C)C
C0879,N#CC[n+]1cc(C)cc(c1)C
C0880,CCCCCCCCCCCCCCCC[N+](CCCC)(CCCC)C
C0881,CCCC[N+]1(C)CCCC(C1)C
C0882,C[n+]1ccc(cc1)C(=O)C
C0883,CC[C@@H]1C(=O)OC[C@@H]1Cc1c[n+](cn1C)Cc1ccc(cc1)Br
C0884,O=N(=O)c1ccc2c(c1)[n+](CCc1ccccc1)cn2CCc1ccccc1
C0885,CC[C@@H]1C(=O)OC[C@@H]1Cc1c[n+](cn1C)Cc1ccccc1C
C0886,CCCCCCCCCCCCCCCCn1c2ccccc2[n+](c1C)CCCCCCCCCCCCCCCC
C0887,O=C(c1ccccc1)C[n+]1cn(cc1C1CCN(CC1)C(=O)C)C(c1ccccc1)(c1ccccc1)c1ccccc1
C0888,CCCCCCCC[n+]1ccn(c1C)C
C0889,CCCCCC[C@H](Cc1cccc[n+]1CCCCCC)C
C0890,[N-]=[N+]=NC1=N[NH2+]C(=N1)C
C0891,ON=Cc1cccc[n+]1CC=C
C0892,C[n+]1ccn(c1)CCC(C(C(C(S(F)(F)(F)(F)F)(F)F)(F)F)(F)F)(F)F
C0893,COc1ccc(cc1)[N+](Cc1ccccc1)(C)C
C0894,CC[C@@H]1C(=O)OC[C@@H]1Cc1c[n+](cn1C)CC(=O)c1ccc(cc1)F
C0895,CCCCCCCOC[n+]1ccn(c1)C
C0896,N#CCC(n1c[n+](c2c1cccc2C)CC(=O)Nc1ccc(cc1)C(=O)OC)C
C0898,Brc1ccc(cc1)C[n+]1ccn(c1C)CCC(c1ccccc1)(c1ccccc1)C(=O)N
C0899,CC(CC(=O)C[N+](C)(C)C)C
C0900,Cc1n(CCCCC(c2ccccc2)(c2ccccc2)C(=O)N)cc[n+]1Cc1ccccc1
C0902,Cn1cc[n+](n1)N
C0903,CC([NH2+]C(C)C)C
C0904,CC[n+]1c(cn(c1C)C)[N+](=O)[O-]
C0905,CCCCc1c[n+](nn1C)C
C0906,CCCCCCCCCCCCC[n+]1ccccc1
C0907,CC[N+](C(C)C)(C(C)C)CC
C0908,CCn1c[n+](c2c1cccc2)CC(=O)c1ccccc1
C0909,OC(=O)c1ccccc1c1[nH]c2c([n+]1C)cccc2
C0910,CCC(C[N+](CC)(CC)CC)C
C0911,N#CC[n+]1c(C)n(c2c1cccc2)CC
C0912,Cc1ccc(cc1)C(=O)C[n+]1cn(c(c1c1ccccc1)c1ccccc1)C
C0913,CCCC[S+](CCCC)CCCC
C0914,CCOC(=O)C[NH3+]
C0915,CCOC[P+](CC)(CC)CC
C0916,CCCCCCCCC(C[N+](C)(C)C)CC
C0917,CCCC[N+](CC(C=C)O)(C)C
C0918,COCC[N+](CC)(C)C
C0920,CCCCCC[n+]1c2cc(Cl)c(cc2n(c1C=CC=c1n(CCCC(=O)O)c2c(n1CCCCCC)cc(c(c2)Cl)Cl)CCCC(=O)O)Cl
C0921,OC(=O)C[n+]1ccccc1
C0922,NC(=O)CC[n+]1ccccc1
C0923,COC(=O)C([NH3+])CO
C0924,C=CC[n+]1cn(c2c1cccc2)C
C0925,BrCCC[n+]1ccc(cc1)C
C0926,C[P+](C)(C)C
C0927,CCCCn1c(N)[n+](c2c1cccc2)CC(=O)OC
C0928,CCCCCCCCn1c[n+](c2c1cccc2)CCCCCCCC
C0929,Cc1ccc(c(c1)C)C(=O)C[n+]1ccn(c1)C
C0930,COc1ccccc1C[n+]1cn(c2c1cccc2)CCC[Si](C)(C)C
C0931,CCCCC[n+]1ccn(c1)CC=C
C0932,CCCC[NH+](CCCC)CCCC
C0933,CCCCCCCCCCCCCCCC[N+](CCCC)(C)C
C0934,C[C@H]1CC[C@@H]([C@H](C1)OC[N+](Cc1ccccc1)(C)C)C(C)C
C0935,OC(=O)C=C[n+]1cccc(c1)C
C0936,N[n+]1ccn(n1)CC=C
C0937,O=C(c1ccccc1)C[n+]1cn(c2c1cc(cc2)N(=O)=O)C
C0938,CCCCCCCCCCCCCC[N+](c1ccccc1OCCCCCCCCCCCC)(C)C
C0939,C=CC[n+]1c(CO)n(c2c1cccc2)CCC#N
C0941,CCCCn1c2cc(Cl)c(cc2n(c1=CC=Cc1[n+](CCCC(=O)O)c2c(n1CCCC)cc(c(c2)Cl)Cl)CCCC(=O)O)Cl
C0942,CCCCCCCCCCCC[N+](COCC)(CC)C
C0943,Cc1[n+](ccn1CCC(c1ccccc1)(c1ccccc1)C(=O)N)Cc1ccc(cc1)c1ccccc1
C0944,C[N+](CCCCc1ccccc1)(C)C
C0945,CCCCCC[n+]1ccn(c1)c1c(C)cc(cc1C)C
C0946,Cc1cc[n+](cc1)CCc1ccccc1
C0947,CC#CC[N+](CC)(CC)CC
C0948,CCCCCCCCCCCCCCCC[N+](CC(=O)OCC)(C)C
C0949,C#CC[n+]1ccn(c1)C=C
C0950,COc1cccc(c1)C(=O)C[n+]1ccn(c1)C
C0951,CCCCCCCc1ccc(cc1)[N+](Cc1ccccc1)(C)C
C0952,CCOC(=O)C[n+]1cn(c2c1cccc2)C
C0953,CC(n1cc[n+](c1)C(C)C)C
C0954,CC(Cn1cc[n+](c1)CC(C)C)C
C0955,COC(=O)Cn1c(C)[n+](c2c1cccc2)CC(=O)c1ccc(cc1)Br
C0956,CCCCCCCC[n+]1c(C)n(c2c1cc(Cl)c(c2)Cl)CCCCCC(=O)O
C0957,CCCCCCCCCCCCCCCC[N+](Cc1ccc(cc1)O)(C)C
C0958,Cn1cc[n+](c1)C
C0959,Cc1ccccc1C[N+](C)(C)C
C0960,C[n+]1cn(c(c1)Cl)C
C0961,CN1N=N[NH+](C1N)N
C0962,CCCCCCCCC[N+](CO[C@@H]1C[C@H](C)CC[C@H]1C(C)C)(C)C
C0963,C[N+]1(C)CCOCC1
C0964,CC[NH2+]C(C(=O)OCC)C
C0965,N#CCC[n+]1ccccc1
C0966,CCN(C(=O)C[n+]1ccn(c1)c1c(C)cc(cc1C)C)CC
C0967,CCCCCCCCCCCC(=O)NCCCC[C@@H](C(=O)OCC)NC(=O)CCCCCCCCCC[n+]1ccn(c1)C
C0968,CC(n1c[n+](c2c1cccc2)C(C)C)C
C0969,BrCCCCCCCCCCCC[n+]1c2ccccc2n(c1N)Cc1ccccc1
C0970,C[N+](O)(C)C
C0971,Cn1cc[n+](c1)CC(=O)c1ccc(cc1)C(=O)N
C0972,O=C(c1ccc(cc1)N(C)C)C[n+]1ccn(c1)Oc1ccccc1
C0973,CCCCCCCC[N+](C)(C)C
C0974,CCCCCCCCCCCC(=O)NCCCC[C@@H](C(=O)OCCCCCCCCCCC[n+]1ccn(c1)C)NC(=O)CCCCC
C0975,Clc1ccc2c(c1)[n+](CC(=O)c1ccccc1)cn2C
C0976,CCCCCCCCCCCCCCCC[n+]1ccn(c1)C
C0977,CC[C@@H]1C(=O)OC[C@@H]1Cc1c[n+](cn1C)Cc1cccc(c1)N(=O)=O
C0978,O=C(OC(C)(C)C)NCCCCCCCCCCC[n+]1c2ccccc2n(c1N)Cc1ccccc1
C0979,CCCCCCCC[N+](CCCCCCCC)(CCCCCCCC)C
C0980,CCCN1C=C(C[C@@H](NC(=O)C2=CC=CC=C2)C(=O)OC)[N+](CCC)=C1
C0981,CCCC[N+](CC)(CC)C
C0982,COC=C([NH+](C)C)C
C0983,CC(=C)C[N+](c1cc(c(c(c1)C(C)(C)C)O)C(C)(C)C)(C)C
C0984,O=C(c1ccccc1)C[n+]1cn(c(c1C(=O)N)N)C
C0985,C[N+](C)(C)C
C0986,CCCCCCCCCCCC[N+](CCOC(=O)C)(C)C
C0987,CCCCCCCCOCn1cc[n+](c1)COCCCCCCCC
C0988,O=C(c1ccc(cc1)O)CC[N+](C)(C)C
C0989,COC(=O)Cn1c(C)[n+](c2c1cccc2)CC(=O)C
C0990,CCCC[P+](c1ccccc1)(c1ccccc1)c1ccccc1
C0991,CCC[N+]1(C)COCC1
C0992,CCCCn1nc[n+](c1)CCC(C(C(C(C(C(F)(F)F)(F)F)(F)F)(F)F)(F)F)(F)F
C0993,CCCCCCCCCCCCCC[n+]1ccn(c1C)Cc1ccccc1
C0994,CCCCCCCCCCCCCCC(C[N+](CCO)(C)C)O
C0995,O=C(c1ccccc1)C[n+]1c(C)n(c2c1cc(cc2)N(=O)=O)C
C0996,CCCCCCCCCCCC[n+]1ccc(cc1)CC
C0997,CCCCCCCCCCCC[n+]1c(N)n(c2c1cccc2)Cc1ccc(cc1)OC
C0998,c1ccc(cc1)Cn1c[n+](c(c1c1ccccc1)c1ccccc1)Cc1ccccc1
C0999,CCCCC([N+](Cc1ccccc1)(C)C)C(=O)OC
C1000,CCCCCCCCCCCC[n+]1c(N)n(c2c1cccc2)Cc1ccc(c(c1)Cl)Cl
C1001,COC(=O)C1CCC[NH2+]1
C1002,c1ccc(cc1)CO[n+]1ccccc1
C1003,FCCC[n+]1nc(n(c1C)C)C(F)(F)F
C1004,Cn1cc[n+]2c1CCC2
C1005,CCOCCn1c[n+](c2c1cccc2)CCc1ccccc1
C1006,CCCCn1cc[n+](c1)CCCC
C1007,NC(=O)CCn1c(C)[n+](c2c1cccc2)CC(=O)c1ccccc1
C1008,FCCC[n+]1ccc(cc1)-c1ccncc1
C1009,C=CCOn1cc[n+](c1)Cc1ccc2c(c1)OCO2
C1010,O=N(=O)c1c(Cn2cc[n+](c2)C(C)(C)C)cc(cc1C(C)(C)C)C(C)(C)C
C1011,CC[N+](C(C)C)(C(C)C)C
C1012,CCC[n+]1ccn(c1)CC=C
C1013,CCCC[N+](CC(=O)OCC)(CC)CC
C1014,CCCCc1c[n+](nn1C)c1ccccc1
C1015,CCC[N+](Cc1ccccc1)(CCC)CCC
C1016,OCc1cc[n+](cc1)CC=C
C1017,Cc1ccc(cc1)C(=O)C[n+]1c(N)n(c2c1cccc2)C
C1018,CCCCCCCCCCCOCn1cc[n+](c1)COCCCCCCCCCCC
C1019,CCC[N+](=C1N(C)COCN1C)C
C1020,c1cc[n+](cc1)c1ccccc1
C1021,Cn1cc[n+](c1)C1(C=C(C(=O)C(=C1)C(C)(C)C)C(C)(C)C)C(C)(C)C
C1022,O=C(c1ccccc1)C[n+]1c2ccccc2n(c1N)N
C1023,COc1c(OC)cccc1C(=O)C[n+]1ccn(c1)C
C1024,CCCCCCCCCCCCCCC[N+](CCO)(C)C
C1025,CCOC(=O)C(=NO)Cn1cc[n+](c1)C
C1026,C=CCn1cc[n+](c1)CC=C
C1027,CCOC(=O)C[n+]1c(C)n(c2c1cccc2)Cc1ccccc1
C1028,CCCCCCCCCCCCCCCCCCOCC(COC[n+]1ccn(c1)C)OCCCCCCCCCCCCCCCCCC
C1029,CCC[N+](=C1N(C)CCCN1C)C
C1030,FC(CC[n+]1ccn(c1)CCO[Si](C)(C)C)(F)F
C1032,CCCCCCCCCC[n+]1c2cc(Cl)c(cc2n(c1C)CCCC(=O)O)Cl
C1033,CC[C@@H]1C(=O)OC[C@@H]1Cc1c[n+](cn1C)Cc1ccccc1
C1034,N#CCCC[n+]1cn(c2c1c(C)ccc2)C(CC#N)C
C1035,CCCCCCCCCCCC[P+](CCCCCCCC)(CCCCCCCC)CCCCCCCC
C1036,CCCCCC[n+]1ccn(c1C)C
C1037,CCc1n(cc[n+]1OCc1c(Cl)cccc1Cl)OCc1c(Cl)cccc1Cl
C1038,CC[N+](CCCOc1ccccc1)(CCCOc1ccccc1)CC
C1039,CCCC[n+]1nn(c2c1cccc2)CC
C1040,Cc1ccc(c(c1)[N+](CC=Cc1ccccc1)(C)C)O
C1041,CC=C([C@H]([n+]1ccccc1)C)C
C1042,COc1cc(ccc1OC)C(=O)C[n+]1ccn(c1)C
C1043,Cc1cc(C)c(c(c1)C)[n+]1ccn(c1)Cc1cc2ccc1CCc1ccc(CC2)c(c1)P(c1ccccc1)c1ccccc1
C1044,OCC[N+]1(C)CCOCC1
C1045,CC([N+](Cc1ccccc1)(C)C)c1ccccc1
C1046,N#CCC[n+]1ccn(c1)CC(=O)c1ccccc1
C1047,Cc1n(OCc2ccc(cc2)N(=O)=O)cc[n+]1OCc1ccc(cc1)N(=O)=O
C1048,O=C(C1CCCCC1)C[n+]1ccccc1
C1049,CCOC(=O)c1ccc[n+](c1)C
C1050,CCCn1cc[n+](c1)CC(=O)c1ccccc1
C1051,COCC[N+]1(C)CCOCC1
C1052,CCc1n(cc[n+]1CC(=O)c1ccc(cc1)Cl)Oc1ccccc1
C1053,COCC[N+](CCOC)(CC)CC
C1054,CCCCC([N+](Cc1ccccc1)(C)C)C(=O)OCC
C1055,Brc1ccc(cc1)COn1cc[n+](c1C)OCc1ccc(cc1)Br
C1056,C[N+](c1ccccc1)(C)C
C1057,FS(C(C(CCCC[n+]1ccccc1)(F)F)(F)F)(F)(F)(F)F
C1058,Cc1ccc(cc1)C[N+](Cc1ccc(cc1)C)(C)C
C1059,CCC[n+]1cccc(c1)C(=O)N
C1060,C=C(C(=O)O)C[n+]1ccccc1
C1061,CC[n+]1c(C)cccc1C
C1062,COc1ccc(cc1)C[N+](C)(C)C
C1063,CCCOc1cccc(c1)C(=O)C[n+]1ccn(c1)C
C1064,CCCCCCC[n+]1c2cc(Cl)c(cc2n(c1C)CCCC(=O)O)Cl
C1065,C[n+]1ccc(c(c1)O)C
C1066,CC(=O)C[n+]1cn(c2c1cccc2)C
C1067,COc1ccc2c(c1)[n+](CC(=O)c1ccc(cc1)N(=O)=O)cn2C
C1068,O=C(c1ccccc1)CSc1n(C)c2c([n+]1N)cccc2
C1069,CC[C@@H]1C(=O)OC[C@@H]1Cc1c[n+](cn1C)CCOc1ccccc1
C1070,CCCCCCCCCCCCOc1ccccc1[N+](CCCCCCCCCCCC)(C)C
C1072,CCOCC[N+](CC)(CC)CC
C1073,CC(=O)Nc1cccc(c1)C(=O)C[n+]1ccn(c1)C
C1075,C[NH+]1CCCC1
C1076,CC[n+]1ccc(cc1)c1ccncc1
C1077,C[n+]1ccn(c1)CCCSC(=S)n1cncc1
C1078,Nc1cn(c([n+]1C)c1ccccc1)c1ccccc1
C1079,Cc1cc(C)c(c(c1)C)n1cc[n+](c1)C
C1080,CCCCCCCCCC[N+](CCCCCCCCCCC(=O)O)(C)C
C1081,COC(=O)C=Cc1ccc(cc1)C[n+]1ccn(c1)C(=O)c1ccccc1
C1083,CCCC[n+]1ccc(cc1)N(C)C
C1084,BrCC(C[n+]1ccn(c1)C)Br
C1085,ClCCC[n+]1ccccc1
C1086,Cn1cc[n+](c1C)C
C1087,CCCC[n+]1cc(C)cc(c1)C
C1088,COC(=O)C[n+]1cn(cc1C(=O)Nc1ccccc1)CC(=O)OC
C1089,CCCOC(=O)C[n+]1ccccc1
C1090,OCc1cc[n+](cc1)C(C)C
C1091,COC[N+]1(C)CCCC1
C1092,CCc1n(OCc2ccc(cc2)N(=O)=O)cc[n+]1OCc1ccc(cc1)N(=O)=O
C1093,CCCCCCCC[N+](CCCCCCCC)(CCCCCCCC)CCCCCCCC
C1094,CCCCCCC[n+]1ncn(c1)C(F)C
C1095,CCCC[N+](C)(C)C
C1096,On1cc([n+](c1C)O)Br
C1097,OCCCc1ccc[n+](c1)C
C1098,CCCC[n+]1ccn(c1C)C
C1099,CCOc1ccc(cc1)C(=O)C[n+]1ccn(c1)C
C1100,CCC[NH+]1CCC=C1C
C1101,O=C(c1ccccc1)C[n+]1ccn(c1C(=C)c1ccccc1)C
C1102,Brc1ccc(cc1)C(=O)Cn1cc[n+](c1)CC(=O)c1ccc(cc1)Br
C1103,C#CC[n+]1cn(c2c1cccc2)CCC[Si](C)(C)C
C1104,CCCCCCCCCCCCCCCC[N+](CCCCCCCC(=O)OC)(C)C
C1105,CCCCCCCCC[N+](CCO)(C)C
C1106,O=C(c1ccccc1)C[n+]1cn(c2c1cccc2)Cc1ccccc1
C1107,CC[n+]1ccn(c1)C(C(F)F)(F)F
C1108,Cn1cc[n+](c1)CCCc1ccccc1
C1109,CCCCCCCCCCCC[n+]1cccc(c1)C
C1110,CCOC(=O)C[n+]1ccccc1
C1111,Cc1n(CCCC(c2ccccc2)(c2ccccc2)C(=O)N)cc[n+]1Cc1ccccc1
C1112,CCCCn1c(N)[n+](c2c1cccc2)CC(=O)c1ccccc1
C1113,N#Cc1n(O)cc([n+]1O)Br
C1114,COC[P+](CC)(CC)CC
C1115,CCCCCCCCCCCC[N+](CC)(CC)CC
C1116,CCC(=O)OCCCCCCCCCCC[n+]1ccccc1
C1117,N#CCCn1c(CC)[n+](c2c1cccc2)CC(=O)c1ccccc1
C1118,C=CC[N+](C=C(C)C)(C)C
C1119,CCCCCCCCCCCCCC[P+](CCCCCC)(CCCCCC)CCCCCC
C1120,CCOC(=C)[N+](C)(C)C
C1121,OCc1cccc[n+]1C
C1123,CC(=O)n1cc[n+](c1)Cc1ccccc1
C1124,Cn1cc[n+](c1)CC(=O)c1cccc2c1cccc2
C1125,Cn1cc[n+](c1)CC(F)(F)F
C1126,CCCCCCCCCn1c[n+](c2c1cccc2)CCCCCCCCC
C1127,Clc1ccc(cc1)C(=O)C[n+]1ccn(c1)O
C1128,C=CC[N+](c1cc(C)cc(c1O)C)(C)C
C1129,Cn1cc[n+](c1)CC(=O)c1ccc(cc1)c1ccccc1
C1130,C[NH+]1C=CN=C1C
C1131,CCCCCCCCC[N+](C)(C)C
C1132,CC[C@@H]1C(=O)OC[C@@H]1Cc1c[n+](cn1C)CC(=O)c1ccccc1
C1133,OCC[N+](C(C)C)(C)C
C1134,C[n+]1ccn2c1CCCC2
C1135,CCOC(=O)C[N+](CC)(CC)CC
C1136,CCCCCCCCCCCC[P+](CC)(CC)CC
C1137,CCCCC(c1ccccc1)C(=O)OCC[N+](CC)(CC)C
C1138,C[C@@H]1CC[C@H]([C@@H](C1)OC[N+](C(C)C)(C)C)C(C)C
C1139,CCCCn1cc[n+](c1)CC(O)C
C1140,C=CC[N+](c1cc(C)ccc1O)(C)C
C1141,CCOC(=O)C[n+]1c(c2ccc(o2)c2ccc(cc2)Cl)n(c2c1cc(cc2)C(=O)OC)C
C1142,CCCCCCCCCCCCCCCCCC[N+](CC)(CC)CC
C1143,Clc1ccc2c(c1)[n+](C)c(n2C)C(F)(F)F
C1144,O=C(c1ccccc1)C[n+]1cn(c2c1cccc2)C
C1145,COc1cccc(c1)C(=O)C[n+]1ccn(c1)C(C)C
C1146,COc1ccc(cc1)C(=O)C[n+]1ccn(c1)C
C1147,OCCCc1cc[n+](cc1)C
C1148,CCC(c1ccccc1)(C(=O)OCC[N+](CC)(CC)C)CC(C)C
C1149,CC[N+](CC(c1ccccc1)O)(CC)C
C1150,FC(F)(F)C(F)(F)C(F)(F)C(F)(F)C(F)(F)C(F)(F)C(F)(F)C(F)(F)CC[n+]1ccc(cc1)-c1ccncc1
C1151,CCOc1cccc(c1)C(=O)C[n+]1ccn(c1)C
C1152,CCC[NH+]=C1N(C)CCN1C
C1153,COC(=O)C[N+]1(C)CCCC1
C1154,Clc1ccc(c(c1)Cl)COn1cc[n+](c1C)OCc1ccc(cc1Cl)Cl
C1155,COc1cccc(c1)C(=O)C[n+]1ccn(c1)c1ccccc1
C1156,COc1ccc(c2c1[n+](CC(=O)c1ccc(cc1)N(=O)=O)cn2Cc1ccccc1)OC
C1157,CCCOC(C[N+](C)(C)C)CC
C1158,Cc1ccc(cc1)[n+]1c(N)cn(c1c1ccccc1)c1ccccc1
C1160,FC(CCC[N+]1(C)CCCC1)(F)F
C1161,FC(CCC[N+]1(C)CCCCC1)(F)F
C1163,OCC[NH2+]CCO
C1164,OCC[NH+](CCO)CCO
C1165,NCC[NH3+]
C1166,CC[NH2+]CC
C1167,[NH2+]1CCCC1
C1168,C(C)C(C[N+](C)(C)CC(CCCC)CC)CCCC
C1169,CSC(=[NH2+])N
C1170,C(C)SC(=[NH2+])N
C1171,C(C)SC(=[NH+]C)NC
C1172,C(C)OC[N+]1=CC=CC=C1
C1173,C(C)SC(=[NH+]CC)NCC
C1174,C(CCC)SC(=[NH2+])N
C1175,C(CCC)SC(=[NH+]C)NC
C1176,C(CCC)SC(=[N+](C)C)N(C)C
C1177,C(CCCCC)SC(=[NH2+])N
C1178,C(CCCCC)SC(=[NH+]C)NC
C1179,C(CCCCC)SC(=[N+](C)C)N(C)C
C1180,C(CCCCC)SC(=[NH+]CC)NCC
C1181,C(CCCCCCC)SC(=[NH2+])N
C1182,C(CCCCCCC)SC(=[NH+]C)NC
C1183,CC1=[N+](C)C=CN1CC[Si](C)(C)C
C1184,CC1=CC2=CC=CC=[N+]2C=C1C
C1185,CCC1=CC2=CC=CC=[N+]2C=C1CC
C1186,C[N+](C)(C)CC(O)=O
C1187,C(C)[N+]1=CC(=CC=C1)C
C1188,C[N+]1=CN(CCC(F)(F)C(F)(F)C(F)(F)C(F)(F)C(F)(F)C(F)(F)F)C=C1
C1189,CCCC[N+]1=CN(CCC(F)(F)C(F)(F)C(F)(F)C(F)(F)C(F)(F)C(F)(F)F)C=C1
C1190,C1(CCCCC1)[N+](CCCCCCCC)(C)C
C1191,C1(CCCCC1)CCCCCC[NH+](C)C
C1192,C(CCC)[N+](C)(C)C1CCCCC1
C1193,COCC[N+](C)(C)CCOC
C1194,CCOCC[N+](C)(C)CCOC
C1195,CCOCC[N+](C)(C)CCOCC
C1196,CCCC[P+](C)(CCCC)CCCC
C1197,C(CCC)[P+](CC)(CCCC)CCCC
C1198,CCCC[P+](CCC)(CCCC)CCCC
C1199,C(CCC)[P+](CCCC)(CCCC)CCCC
C1200,CCCCC[P+](CCCC)(CCCC)CCCC
C1201,CCCCCCC[P+](CCCC)(CCCC)CCCC
C1202,CCCCCCCC[P+](CCCC)(CCCC)CCCC
C1203,C(CCCCCCCCCCC)[P+](CCCC)(CCCC)CCCC
C1204,CCCCCCCCCCCCCC[P+](CCCC)(CCCC)CCCC
C1205,OCC[N+]1(CCCC1)C
C1206,OCCC[N+]1(CCCC1)C
C1207,OCC[N+]1(CCCCC1)C
C1208,C(C)[N+]1(CCCCC1)CCO
C1209,C(CCC)[P+](CCCCCCCCCCCCCCCCCC)(CCCC)CCCC
C1210,C(CCCCCCC)[P+](CC)(CC)CC
C1211,C(CCCCCC)[P+](CC)(CC)CC
C1212,C(CCCCCCCC)[P+](CC)(CC)CC
C1213,C(C)[P+](CCCCCCCCCC)(CC)CC
C1214,C(CCC)[S+]1CCCCC1
C1215,C(C)[P+](COCCOC)(CC)CC
C1216,C(CCC)[P+](COC)(CCCC)CCCC
C1217,COCCOC[N+]1=C(N(C=C1)C)C
C1218,C1(CCCC1)[N+]1=C(N(C=C1)C)C
C1219,C1(CCCC1)[P+](CC)(CC)CC
C1220,CC[P+](CC)(CC)CCC=C
C1221,CCCCCC[N+]1=C2CCCCCN2CCC1
C1222,CCCCCCCC[N+]1=C2CCCCCN2CCC1
C1223,CC[N+]1=C2CCCCCN2CCC1
C1224,CCCC[N+]1=C2CCCCCN2CCC1
C1225,CCCCCCCCCCCCCC[N+]1=C2CCCCCN2CCC1
C1226,C(C)[N+](CC)(CC)CCCCCCCC
C1227,C[N+]1=CC=C(C=C1)C1=CC=NC=C1
C1228,CCCCCC[N+]1=CC=C(C=C1)C1=CC=NC=C1
C1229,CCCCCCCCCC[N+]1=CC=C(C=C1)C1=CC=NC=C1
C1230,O=C(C[N+]1=CC=CC=C1)CC
C1231,CC(C(C[N+]1=CC=CC=C1)=O)C
C1232,C(C(C)C)OC(=O)C[N+]1=CC=CC=C1
C1233,C(CCCCCCCCCCC)(=O)OCC[N+]1=CC=CC=C1
C1234,C(CCCCCCCCCCCCCCC)(=O)OCC[N+]1=CC=CC=C1
C1235,C(CCCCCCCCCCCCCCCCCCC)(=O)OCC[N+]1=CC=CC=C1
C1236,OC=1C(=[N+](C=CC1O)C)C(C)O
C1237,C(C1=CC=CC=C1)[N+]1=CC(=CC=C1)C(=O)N1C(OCC1)=O
C1238,C(C1=CC=CC=C1)[N+]1=CC(=CC=C1)C(N(C)C)=O
C1239,C(#N)C[N+]1=CC(=CC=C1)C
C1240,C(#N)C[N+]1=C(C=CC=C1)C
C1241,C(#N)C[N+]1=C(C=CC(=C1)C)C
C1242,C(#N)CCC[N+]1=CC=C(C=C1)C
C1243,C(#N)CCC[N+]1=C(C=CC=C1)C
C1244,C(#N)CCC[N+]1=C(C=CC(=C1)C)C
C1245,C(#N)C[N+]1=CC=C(C=C1)CC
C1246,C(#N)C[N+]1=C(C=CC=C1)CC
C1247,C(#N)CCC[N+]1=CC=C(C=C1)CC
C1248,C(#N)CCC[N+]1=CC(=CC=C1)C(=O)OC
C1249,C(#N)C[N+]1(CCCCC1)C
C1250,C(#N)CCC[N+]1(CCCCC1)C
C1251,C(#N)C[N+]1(CCCC1)CC#N
C1252,C(#N)C[N+]1(CCCCC1)CC#N
C1254,C1=CN2C=CC=CC2=[NH+]1
C1255,ClCC[NH+]1CCOCC1
C1256,ClCC[NH+]1CCCCC1
C1257,ClCC[NH+]1CCCC1
C1258,ClCC[NH+](CC)CC
C1259,ClCC[NH+](C)C
C1260,ClCCC[NH+](C)C
C1261,C(CCC)[N+]1=CC=C(C=C1)C#N
C1262,N(=[N+]=[N-])C(C[N+]1=CN(C=C1)C)CBr
C1263,N(=[N+]=[N-])CC(C[N+]1=CN(C=C1)C)Br
C1266,C(CCC)[N+]1=CSC2=C1C=CC=C2
C1267,C(CCCC)[N+]1=CSC2=C1C=CC=C2
C1268,C(CCCCC)[N+]1=CSC2=C1C=CC=C2
C1269,C(CCCCCC)[N+]1=CSC2=C1C=CC=C2
C1270,C(CCCCCCC)[N+]1=CSC2=C1C=CC=C2
C1271,OCCC[N+]1(CCOCC1)C
C1272,C1(=CC=CC=C1)[P+](C1=CC=CC=C1)(C1=CC=CC=C1)C1=CC=CC=C1
C1273,[NH4+]
C1274,CC(CCC[N+]1=CN(C=C1)C)C
C1275,CC(CCCC[N+]1=CN(C=C1)C)C
C1276,C(C)[N+]=1C=NN(C1)C
C1277,CN1N=C[N+](=C1)CCC
C1278,CN1N=C[N+](=C1)CCCCCCCC
C1279,C(CCC)[N+]=1C=NN(C1)C
C1280,CC[S+](C)CC
C1281,CCC[S+](CC)CC
C1282,C(CCCCC)[N+]1(CCCC1)CCCCCC
C1284,C(CCCCC)[N+]1=CC=C(C=C1)C
C1286,C(C)[N+](C)(C)CCCO
C1287,OCCCCCCCC[N+]1=CN(C=C1)C
C1288,C(CCC)[N+]1=C(C=CC=C1)C
C1289,C(CCC)[N+]1=CC(=CC=C1)C
C1290,COCCC[N+]1=CN(C=C1)C
C1291,C(C)OC[N+]1=CN(C=C1)C
C1292,C[N+]1=CN(C=C1)CC1=CC=C(C=C1)C
C1293,C(C)[N+](C)(C)CCCOC
C1294,C(C)OCC[N+]1=CC=CC=C1
C1297,C(CCCCCCC)[N+]1=CC=C(C=C1)C
C1298,C(CCCCC)[N+]1=CN(C=C1)CC
C1300,OCCC[N+]1=CC=CC=C1
C1302,C(C1=CC=CC=C1)CCCCCCCCCC[NH+](C)C
C1304,C(#N)C[N+](C)(C)CC
C1305,COCCC[N+]1=CC=CC=C1
C1306,C(C)[N+](C)(C)CCO
C1307,C(CCC)[N+]1=CC(=C(C=C1)C)C
C1308,C(C)OCC[N+]1(CCCC1)C
C1309,C(CCCCC)[N+]1=CC(=CC=C1)C
C1310,COCC[N+]1=CC=CC=C1
C1311,COCCC[N+]1(CCCC1)C
C1314,OCCC[N+]1=CN(C=C1)C
C1315,C(CCCCCCC)[N+]1=CC=CC=C1
C1316,C(C)OC[N+]1(CCCC1)C
C1317,C[N+]1(CCCC1)CCCCCCCC
C1318,OCCCC[N+]1=CN(C=C1)C
C1319,C(C)[N+](C)(C)CCOCC
C1320,C(C)OC[N+](C)(C)CC
C1321,C(#N)C[N+]1(CCCC1)C
C1322,C(C)OCC[N+]1=CN(C=C1)C
C1323,CC=1C=[N+](C=CC1)CCCCCCCC
C1324,C(CCCC)[N+]1=CC=CC=C1
C1326,C(CCCCCCCCC)[N+]1=CN(C=C1)CC
C1330,BrC[C@@H](Cn1cc[n+](c1)[C@@H](CBr)Br)Br
C1336,C=CC[N+]1(CCCCC1)CC=C
C1337,C=CC[N+]1(CCCC1)CC=C
C1348,COCCOCC[n+]1ccn(c1)C
C1349,BrC[C@H](Cn1cc[n+](c1)CC[C@@](C(Br)(F)F)(Br)F)Br
C1350,BrC[C@H](C[n+]1cn(c(c1Br)Br)C)Br
C1351,Cn1c[n+](c(c1I)I)C[C@@H](CBr)Br
C1352,BrC[C@@H](C[n+]1ccn(c1)C)Br
C1353,Nn1c[n+](nc1)CCO
C1354,C[C@H](C[n+]1ccn(c1)C)O
C1360,Cn1cc[n+](c1)CC[C@](C(Br)(F)F)(Br)F
C1361,BrC[C@H](Cn1c[n+](c(c1I)I)C[C@H](CBr)Br)Br
C1362,BrC[C@@H](Cn1cc[n+](c1)C[C@@H](CBr)Br)Br
C1363,CCC[NH+]=C1N(C)CCCN1C
C1366,CCCC/[N+](=c/1n(C)cnn1C)/C
C1367,C=CC[N+]1(C)CCCCC1
C1368,C=CC[N+]1(C)CCCC1
C1369,Nn1c[n+](nc1)CC=C
C1370,C/C=C/[n+]1ccn(n1)N
C1371,CCCC[n+]1ccccc1-c1ccccn1
C1372,CCCCn1nc[n+](c1)CCC(C(C(C(F)(F)F)(F)F)(F)F)(F)F
C1373,CCCCn1nc[n+](c1)C(=O)C(C(C(C(=O)O)(F)F)(F)F)(F)F
C1374,CCCC[NH+]1N=NC(=C1)CCC(=C(F)F)F
C1375,CCCCn1nc[n+](c1)CCCCS(=O)(=O)O
C1376,CCCC[NH+]1C=NC=C1
C1377,CCCCOC[NH+]1C=NC=C1
C1378,Cc1cn(c[n+]1CCCC#N)C
C1379,CCCCCCCCCC[n+]1ncn(c1)[C@@H](F)C
C1380,CCCCCCCCCCn1nc[n+](c1)C[C@H](C(F)F)O
C1381,CCCCCCCCCC[n+]1ncn(c1)CCC(F)(F)F
C1382,CCCCCCCCCC[NH+]1C=NC=C1
C1383,CCCCCCCCCCOC[NH+]1C=CN=C1
C1384,CCCCCCCCCCCC[NH+]1C=CN=C1
C1385,CCCCCCCCCCCCOC[NH+]1C=NC=C1
C1386,CCCCCCC[n+]1ncn(c1)[C@@H](F)C
C1387,CCCCCCCn1nc[n+](c1)C(=O)C(C(C(C(=O)O)(F)F)(F)F)(F)F
C1388,CCCCCCCn1nc[n+](c1)C[C@H](C(F)(F)F)O
C1389,CCCCCCC[n+]1ncn(c1)CCC(F)(F)F
C1390,CCCCCCC[NH+]1N=NC(=C1)CCC(=C(F)F)F
C1391,CCCCCCCn1nc[n+](c1)CCCCS(=O)(=O)O
C1392,CCCCCCC[NH+]1C=CN=C1
C1393,CCCCCCCOC[NH+]1C=NC=C1
C1394,CCCCCC[NH+]1C=NC=C1
C1395,CCCCCCOC[NH+]1C=NC=C1
C1396,C[n+]1ncn(c1)CCC(F)(F)F
C1397,CCCCCCCCC[NH+]1C=NC=C1
C1398,CCCCCCCCCOC[NH+]1C=CN=C1
C1399,CCCCCCCC[n+]1ccccc1C
C1400,CCCCCCCC[NH+]1C=CN=C1
C1401,CCCCCCCCOC[NH+]1C=NC=C1
C1402,CCCCC[NH+]1C=NC=C1
C1403,CCCCCOC[NH+]1C=NC=C1
C1404,CCC[NH+]1C=NC=C1
C1405,CC[C@H](C[C@H]([n+]1ccn(c1)C)N)C
C1406,CC(CC[C@H]([n+]1ccn(c1)C)N)C
C1407,CC(C[C@H]([n+]1ccn(c1)C)N)C
C1408,CC[C@H]([n+]1ccn(c1)C)N
C1409,CC[C@H]([n+]1ccn(c1)C)C
C1410,FC(S(F)(F)(F)(F)F)(C(CCCC[n+]1ccccn1)(F)F)F
C1411,BrC[C@@H](C[n+]1ccn(c1)C/C(=CBr)/Br)Br
C1412,CCCCCCCCCCC[NH+]1C=CN=C1
C1413,CCCCCCCCCCCOC[NH+]1C=NC=C1
C1414,CC1(C)N=C[NH+]=C1
C1415,CCCCCCN(C(=[N+](C)C)N(CCCCCC)CCCCCC)CCCCCC
C1416,CCCCCC[P+](CCCCCC)(CCCCCC)CCCC
C1417,N#CCCC[N+](C)(C)C
C1418,C[N+](=C1N(C)CCN1C)C
C1419,CC[N+](=C1N(C)CCN1C)C
C1420,CC[N+](=C1N(C)CCN1C)CC
C1421,CCC[N+](=C1N(C)CCN1C)CC
C1422,CCC[N+](=C1N(C)CCN1C)CCC
C1423,CCCCCCCCCC[P+](CCCCCC)(CCCCCC)CCCCCC
C1424,CCCC[S+](CC)CC
C1425,CCCCC[S+](CC)CC
C1426,N#CCC[S+](C)C
C1427,COCC[S+](C)C
C1428,C[NH2+]C
C1429,CCCC[S+](C)C
C1430,CC[NH+](C)C
C1431,CCC[S+](C)C
C1432,CCCCCCCCCCCC[P+](CCCCCC)(CCCCCC)CCCCCC
C1433,COCC[S+](CCOC)CC
C1434,CCCC[S+](CCCC)CC
C1435,CCC[S+](CCC)CC
C1436,CN(C(=[N+](C)C)N(C)C)C
C1437,CCCC[N+](=C(N(C)C)N(C)C)CCCC
C1438,CC[N+](=C(N(C)C)N(C)C)C
C1439,CCC[N+](=C(N(C)C)N(C)C)C
C1440,CC[N+](=C(N(C)C)N(C)C)CC
C1441,CCC[N+](=C(N(C)C)N(C)C)CC
C1442,CCC[N+](=C(N(C)C)N(C)C)CCC
C1443,CCCC[N+](=C(N(C)C)N(C)C)CC
C1444,CCCC[N+](=C(N(C)C)N(C)C)CCC
C1445,CCCCCCC[P+](CCCCCC)(CCCCCC)CCCCCC
C1446,CCCCCCCCCCCCCCCC[P+](CCCCCC)(CCCCCC)CCCCCC
C1447,C1=NC=C[NH2+]1
C1448,CO[C@@H]([NH3+])C
C1449,COCC[S+](CCOC)C
C1450,CCCC[NH2+]C
C1451,CCCC[S+](CCCC)C
C1452,CCC[S+](CCC)C
C1453,CCCC[S@@+](CC)C
C1454,CCCCC[S@@+](CC)C
C1455,CCC[S@@+](CC)C
C1456,COC(=O)C[N+]1(C)CCOCC1
C1457,FC([C@H]([N+]1(C)CCOCC1)OCCC(C(C(F)F)(F)F)(F)F)F
C1458,FCCC[N@@+]1(C)COCC1
C1459,CC(=O)[NH+]1CCOCC1
C1460,CCCC[N@@+]1(C)COCC1
C1461,CC[N+](CCCC(F)(F)F)(C)C
C1462,C[N+](CCCC(F)(F)F)(C)C
C1463,CCO[C@@H]([N+]1(C)CCOCC1)C
C1464,CO[C@@H]([N@@+]1(C)COCC1)C
C1465,CO[C@@H]([N+]1(C)CCCC1)C
C1466,CCOC(=O)[C@@H]1CCC[N+]1(CC)CC
C1467,COC(=O)[C@@H]1CCC[N+]1(CC)CC
C1468,CCOC(=O)[C@@H]1CCC[N+]1(C)C
C1469,COC(=O)[C@@H]1CCC[N+]1(C)C
C1473,CCCCCO[C@@H]([N+]1(C)CCOCC1)C
C1474,CCC[N@@+]1(C)COCC1
C1475,CCCCCCCC[P+](CCCCCC)(CCCCCC)CCCCCC
C1476,CCCCCC[P+](CCCCCC)(CCCCCC)CCC
C1477,CC[NH2+][C@@H](C(=O)OCC)C
C1478,CCOC(=O)[C@@H]1CCC[NH2+]1
C1479,COC(=O)[C@H]([C@H](O)C)[NH3+]
C1480,COC(=O)[C@@H]([NH3+])CO
C1481,COC(=O)[C@H](Cc1ccccc1)[NH3+]
C1482,CC[C@H]([C@@H](C(=O)OC)[NH3+])C
C1483,COC(=O)[C@H](C(C)C)[NH3+]
C1484,COC(=O)[C@H]([NH3+])C
C1485,COC(=O)[C@@H]1CCC[NH2+]1
C1486,CC([NH3+])(C)C
C1487,C[C@H]([C@@H](C(=O)O)[NH3+])O
C1488,CCCCC[N+](CC)(CC)CC
C1490,CN(C(=[NH2+])N(C)C)C
C1492,CCCC[N@@H+]1CCC[C@@H](C1)C
C1493,CCCCCC[N@@H+]1CCC[C@@H](C1)C
C1494,COCC[N@@+]1(C)CCC[C@H](C1)C
C1495,COCCOCC[N@+]1(C)CCC[C@H](C1)C
C1496,COCCOCC[N+]1(C)CCCC1
C1497,CCCCCC[N@+]1(C)CCC[C@H](C1)C
C1498,CCCCS/C(=[NH+]/CC)/NCC
C1499,CCCCCCCCSC(=[N+](C)C)N(C)C
C1500,CCCCCCCCS/C(=[NH+]/CC)/NCC
C1501,CCCCCCCC[P+](CCCCCCCC)(CCCCCCCC)CCCC
C1502,CCCCCCCC[P+](CCCCCCCC)(CCCCCCCC)CCCCC
C1503,CCCCCCCC[P+](CCCCCCCC)(CCCCCCCC)CCCCCC
C1504,CCCCCCCC[P+](CCCCCCCC)(CCCCCCCC)CCCCCCC
C1505,CCCCCCCC[P+](CCCCCCCC)(CCCCCCCC)CCCCCCCC
C1506,CCCCCCCCC[P+](CCCCCCCC)(CCCCCCCC)CCCCCCCC
C1507,CCCCCCCCCC[P+](CCCCCCCC)(CCCCCCCC)CCCCCCCC
C1508,CCCCc1c[n+](nn1C)Cc1ccccc1
C1509,N#CCCCCC[n+]1ccn(c1)C
C1510,N#CCCCCCC[n+]1ccn(c1)C
C1511,N#C[C@H]([n+]1ccn(c1)C)C
C1512,CCCC[n+]1ccn(c1)CC#N
C1513,CCCC[n+]1ccn(c1)CCC#N
C1514,CCCCn1cc[n+](c1)CCCC#N
C1515,CCCCn1cc[n+](c1)CCCCC#N
C1516,CCCC[n+]1ccn(c1)[C@H](C#N)C
C1517,N#CCC[n+]1ccn(c1)CC#N
C1518,N#CCCC[n+]1ccn(c1)CCC#N
C1519,N#CCCCC[n+]1ccn(c1)CCC#N
C1520,N#CCCCCC[n+]1ccn(c1)CCC#N
C1521,N#CCCCCCC[n+]1ccn(c1)CCC#N
C1522,CCCCCCCCCC[NH+]1N=NC(=C1)CCC(=C(F)F)F
C1523,CCCCn1cc[n+](c1)C[C@H](O)C
C1526,CC[N+](CCCCS(=O)(=O)O)(CC)CC
C1528,CN1N=N[NH+]([C@@H]1N)N
C1529,COCC[N+](=C(N(C)C)N(C)C)C
C1530,COCC[N+](=C(N(C)C)N(C)C)CC
C1531,COCC[N+](=C1N(C)CCN1C)C
C1532,COCC[N+](=C1N(C)CCN1C)CC
C1533,COC(=O)C[N+](=C(N(C)C)N(C)C)C
C1534,COC(=O)C[N+](=C(N(C)C)N(C)C)CC
C1535,COC(=O)C[N+](=C1N(C)CCN1C)C
C1536,COC(=O)C[N+](=C1N(C)CCN1C)CC
C1537,CCCCCC[N+](CCO)(C)C
C1538,CCCC[N+](C)(CCC)CCC
C1539,CCCCC[N+](C)(CCC)CCC
C1540,CCOn1cc[n+](c1)OCC
C1541,CCC[n+]1cccc(c1)C
C1542,C[n+]1ccn(c1)CCC(C(C(C(F)(F)F)(F)F)(F)F)(F)F
C1543,CCCCCCC[N+]1(C)CCCC1
C1544,O=C[NH+](C)C
C1545,CC[N+]([BH2-][n+]1ccn(c1)C)(CC)CC
C1546,CCO[NH2+]OCC
C1547,OCC[NH+](CCO)C
C1548,CC[C@@H]([n+]1ccn(c1)C)O
C1549,C[NH2+]CCO
C1550,CCC[N+](CCO)(C)C
C1551,CCCCCCCCC[N+]1(C)CCCC1
C1552,CC(C[P+](CC(C)C)(CC(C)C)C)C
C1553,COCCOCC[n+]1ccccc1
C1554,COCCOCCOCC[n+]1ccccc1
C1555,CCCCCCC[n+]1ccccc1
C1556,OCC[N+](CCO)(CCO)C
C1557,CCCCCCCC[P+](C)(C)C
C1558,Cn1cc[n+](c1)CCCCS(=O)(=O)O
C1560,CCCC[N+](C)(C)CCO
C1561,CCCCCCC[N+](CCO)(C)C
C1562,CCCCCCCCCC[N+](C)(C)CCO
C1563,CCCCCC[N+](C)(C)CCOCCCC
C1564,NCC[N+]1=C(N(C=C1)CCN)C
C1565,NCCC[N+]1=CN(C=C1)CCCC
C1566,NCCC[P+](CCCC)(CCCC)CCCC
C1567,CN1CCCN2C1=[NH+]CCC2
C1569,CC[NH+]=P(N=P(N(C)C)(N(C)C)N(C)C)(N(C)C)N(C)C
C1570,C1CNC2=[NH+]CCCN2C1
C1571,CN(C)P(=[NH2+])(N(C)C)N(C)C
C1572,CN(C)P(=[NH+]C(C)(C)C)(N(C)C)N(C)C
C1573,CC(C)(C)[NH+]=P(N1CCCC1)(N1CCCC1)N1CCCC1
C1574,CN1CCCN(C)P1(=[NH+]C(C)(C)C)N1CCCC1
C1575,CCCCCCC[N+](CCCC)(CCCC)CCCC
C1576,CCCCCCCC[N+](CCCC)(CCCC)CCCC
C1577,CCCCCCC[N+](C(C)C)(C(C)C)CC
C1578,CCOC(=O)c1ccc[n+](c1)CC
C1579,CCCCCC[n+]1cc(C)cc(c1CC)C
C1580,CCCCCC[n+]1cc(CC)cc(c1CCC)CC
C1581,CC[n+]1ccccc1CC
C1582,Cc1ccc[n+](c1)C
C1583,CO[C@@H]([N+]([C@H](OC)C)(CC)CC)C
C1584,CO[C@H]([N+]([C@@H](OC)C)([C@@H](OC)C)C)C
C1585,CO[C@H]([N+]([C@@H](OC)C)([C@@H](OC)C)CC)C
C1586,CO[C@H]([N+]([C@@H](OC)C)([C@@H](OC)C)[C@@H](OC)C)C
C1587,C=CCCC[P+](CC)(CC)CC
C1588,C=CC[P+](CCCC)(CCCC)CCCC
C1589,C=CC[N+]1(C)CCOCC1
C1590,C=CC[N+]1(CC)CCOCC1
C1591,CCCCC[N+]1(C)CCCCC1
C1592,CCCCCC[N+]1(C)CCCCC1
C1593,CCCCCCC[N+]1(C)CCCCC1
C1594,CCCC[N+]1(CC)CCCCC1
C1595,CCCCC[N+]1(CC)CCCCC1
C1596,OCCC[N+]1(C)CCCCC1
C1597,OCCC[N+]1(CC)CCCCC1
C1598,COCC[n+]1c(C)cc(n1C)C
C1599,COCC[n+]1c(C)cc(n1CC)C
C1600,CCCCCCCC[n+]1cc(C)cc(c1)C
C1601,CCCCCCCC[n+]1cccc(c1C)C
C1602,CCCC[n+]1cccc(c1C)C
C1603,CCc1[nH]cc[n+]1Cc1ccccc1
C1604,CCCCCC[n+]1cccc2c1cccc2
C1605,CCCCc1[nH+]ccc2c1cccc2
C1606,CCCCCCCC[n+]1ccc2c(c1)cccc2
C1607,CCCC[n+]1cccc(c1)C#N
C1608,CCCCCC[n+]1cccc(c1)C#N
C1609,CCCCCC[n+]1ccc(cc1)C#N
C1610,CCCCCCCC[n+]1cccc(c1)C#N
C1611,OCCC[NH3+]
C1612,C#CC[S+](C)C
C1613,CC(=O)OCC[N+](C)(C)C
C1614,CCOC(=O)C[S+](C)C
C1615,ClC[C@@H](C[N+](C)(C)C)O
C1616,CCCCC[P+](CCCCC)(CCCCC)CCCCC
C1617,CCCCCCCCCCCCCC[PH3+]
C1618,CCCCCCCCCCCCCCCCCC[P+](CCCCCCCC)(CCCCCCCC)CCCCCCCC
C1619,CCC[S+]1CCCC1
C1620,CCCC[S+]1CCCC1
C1621,CCCCC[S+]1CCCC1
C1622,CCC[S+]1CCCCC1
C1623,CCCCC[S+]1CCCCC1
C1624,CCCCCC[n+]1ccn(c1)c1ccccc1C
C1625,CCCC[n+]1ccn(c1)c1ccccc1C
C1626,CCCCCCCCCCC[n+]1ccn(c1)c1ccc(cc1)OC
C1627,CCCCCC[n+]1ccn(c1)c1ccc(cc1)OC
C1628,C[n+]1ccn(c1)c1ccccc1C
C1629,CCCCCCCCCCC[n+]1ccn(c1)c1ccccc1C
C1630,CCCCCC[P+](CC(C)C)(CCCCCC)CCCCCC
C1631,CCOC(=O)[C@H]([C@@H]1CCCN1C)[NH3+]
C1632,CCCCC[N+]1(C)CCOCC1
C1633,CCCCCC[N+]1(C)CCOCC1
C1634,CCCCCCC[N+]1(C)CCOCC1
C1635,CCCCCCCC[N+]1(C)CCOCC1
C1636,CCCCCCCCC[N+]1(C)CCOCC1
C1637,COC[N+]1(C)CCCCC1
C1638,COCCOCC[N+]1(C)CCCCC1
C1639,COCCOCC[N+](C)(C)C
C1640,COCC[N+]1(CCOC)CCCC1
C1641,COCC[N+]1(CCCC1)CCOCC
C1642,COCC[N+]1(CCOC)CCCCC1
C1643,COCC[N+]1(CCCCC1)CCOCC
C1644,COCC[N+](=C(N(C)C)N(C)C)CCOC
C1645,COCC[n+]1ccn(c1C)CC
C1646,CCOCC[n+]1ccn(c1C)CC
C1647,COCC[n+]1ccn(c1CC)C
C1648,CCOCC[n+]1ccn(c1CC)C
C1649,COCCn1cc[n+](c1C)CCOCC
C1650,CCOCCn1cc[n+](c1C)CCOCC
C1651,C=C[n+]1ccn(c1)C
C1652,CCCCCn1cc[n+](c1)C=C
C1653,C[C@@H]1CC[C@H]([C@@H](C1)OC[n+]1ccccc1)C(C)C
C1654,C[C@@H]1CC[C@H]([C@@H](C1)OC[n+]1ccccc1C)C(C)C
C1655,C[C@@H]1CC[C@H]([C@@H](C1)OC[n+]1cccc(c1)C(C)(C)C)C(C)C
C1656,OC(=O)C[n+]1ccn(c1)C
C1657,Cn1cc[n+](c1)[C@H](N)C
C1658,CC[NH+](CC)O
C1659,CC[N+](CC)(CC)O
C1660,CCCCC[S+](C)C
C1661,CCC[S@+](CC)C
C1662,CCCCC[S@+](CC)C
C1663,CCCCCC[N+](CC(=O)OCC)(C)C
C1664,CCCC[N+](CC(=O)OCC)(C)C
C1665,C[S+]1CCCC1
C1666,CC[S+]1CCCC1
C1667,COCC[N@@+]1(C)COCC1
C1668,CCCC[n+]1ccn(c1)CCCNCc1ccccc1O
C1669,CC[N+](N)(C)C
C1670,CCCC[N+](N)(C)C
C1671,C=CC[N+](N)(C)C
C1672,C#CC[N+](N)(C)C
C1673,OCC[N+](N)(C)C
C1674,N#CC[N+](N)(C)C
C1675,CCCOCn1cc[n+](c1)COCCC
C1676,CCCCCOCn1cc[n+](c1)COCCCCC
C1677,CCCCCCOCn1cc[n+](c1)COCCCCCC
C1678,CCCCCCCOCn1cc[n+](c1)COCCCCCCC
C1680,CCCCCCCCCC(=O)OCC[N+](COCC)(C)C
C1681,CCCCCCCCCC(=O)OCC[N+](COCCC)(C)C
C1682,CCCCCCCCCC(=O)OCC[N+](COCCCC)(C)C
C1683,CCCCCCCCCC(=O)OCC[N+](COCCCCC)(C)C
C1684,CCCCCCCCCC(=O)OCC[N+](COCCCCCC)(C)C
C1685,CCCCCCCCCC(=O)OCC[N+](COCCCCCCC)(C)C
C1686,CCCCCCCCOC[N+](CCOC(=O)CCCCCCCCC)(C)C
C1687,CCCCCCCCCOC[N+](CCOC(=O)CCCCCCCCC)(C)C
C1688,CCCCCCCCCCOC[N+](CCOC(=O)CCCCCCCCC)(C)C
C1689,CCCCCCCCCCCOC[N+](CCOC(=O)CCCCCCCCC)(C)C
C1690,CCCCCCCCCCCCOC[N+](CCOC(=O)CCCCCCCCC)(C)C
C1691,CSc1n(C)cc[n+]1CC
C1692,CCCSc1n(C)cc[n+]1CC
C1693,CC[n+]1ccn(c1SC(C)C)C
C1694,CCCCCCCCSc1n(C)cc[n+]1CC
C1695,CCCCCC[n+]1ccn(c1SC)C
C1696,CCCCCC[N+](=C(NC)NC)CCCCCC
C1697,CCCC[N+](CCC)(CCC)CCC
C1698,NCCCCCC[N+]1(C)CCCC1
C1699,C[NH+]1CCCC1=O
C1700,C[NH+]1CCCCC1
C1701,C[NH+]1CCOCC1
C1702,CC[NH+]1CCOCC1
C1703,CCCCCCN([C+](N(CCC)CCC)N(CC)CC)C
C1704,CCCCCCN([C+](N(C)C)N(C)C)CCCCCC
C1705,CCCn1cc[n+](c1C(=O)O)C
C1706,COC(=O)[C@H](CC(C)C)[NH3+]
C1707,O=C(c1ccccc1)OCC[N+](C)(C)C
C1708,OCC[N+](CCBr)(C)C
C1709,Cn1cc[n+](c1)CCCCCCCCCCO[C@@H]1C[C@H](C)CC[C@H]1C(C)C
C1710,Cn1cc[n+](c1)CCCCCCCCCCCO[C@@H]1C[C@H](C)CC[C@H]1C(C)C
C1711,Cn1cc[n+](c1)CCCCCCCCCCCCO[C@@H]1C[C@H](C)CC[C@H]1C(C)C
C1712,C[C@@H]1CC[C@H]([C@@H](C1)OC[n+]1ccn(c1)C)C(C)C
C1713,C[C@@H]1CC[C@H]([C@@H](C1)OCC[n+]1ccn(c1)C)C(C)C
C1714,C[C@@H]1CC[C@H]([C@@H](C1)OCCC[n+]1ccn(c1)C)C(C)C
C1715,C[C@@H]1CC[C@H]([C@@H](C1)OCCCC[n+]1ccn(c1)C)C(C)C
C1716,C[C@@H]1CC[C@H]([C@@H](C1)OCCCCC[n+]1ccn(c1)C)C(C)C
C1717,C[C@@H]1CC[C@H]([C@@H](C1)OCCCCCC[n+]1ccn(c1)C)C(C)C
C1718,C[C@@H]1CC[C@H]([C@@H](C1)OCCCCCCC[n+]1ccn(c1)C)C(C)C
C1719,C[C@@H]1CC[C@H]([C@@H](C1)OCCCCCCCC[n+]1ccn(c1)C)C(C)C
C1720,Cn1cc[n+](c1)CCCCCCCCCO[C@@H]1C[C@H](C)CC[C@H]1C(C)C
C1721,CCCCCCCC[n+]1ccc(cc1)C#N
C1722,N#Cc1ccc[n+](c1)CC
C1723,CC[n+]1ccccc1C#N
C1724,CC[n+]1ccc(cc1)C(F)(F)F
C1725,C[C@@H]([NH3+])O
C1726,C=CC[NH2+]CC=C
C1727,CCCC[n+]1ccn(c1)CCCCCCC#N
C1728,CCCCCCCCCC[n+]1ccn(c1)CCCCCCC#N
C1729,CCCCOCc1[n+](C)ccn1CC
C1730,CCCCOCc1n(CC[Si](C)(C)C)cc[n+]1C
C1731,CCCn1cc[n+](c1C#N)C
C1732,CCCCCCCCCC[P+](CCCC)(CCCC)CCCC
C1733,CCCCn1cc[n+](c1)CC=C
C1734,CCCCCCn1cc[n+](c1)CC=C
C1735,CCCCCCCCn1cc[n+](c1)CC=C
C1736,CCCCCCCCCCn1cc[n+](c1)CC=C
C1737,CCCCCCCCCCCCn1cc[n+](c1)CC=C
C1738,CCCCCCCCCCCCCCn1cc[n+](c1)CC=C
C1739,C=CC[n+]1ccn(c1)C=C
C1740,CCCCCCCCn1cc[n+](c1)C=C
C1741,CCCCCCCCCCn1cc[n+](c1)C=C
C1742,C[NH+](CCCCCCCCCCC1CCCCC1)C
C1743,C[NH+](CCCCCCCCCCCCC1CCCCC1)C
C1744,C[NH+](CCC1CCCCC1)C
C1745,CCCC[C@H](C[N+](C[C@@H](CCCC)CC)(C)C)CC
C1746,CCCCCC[n+]1ccn(c1)CCC#N
C1747,FCCC[N@+]1(C)COCC1
C1748,CCC[N@+]1(C)COCC1
C1749,CCCCCOCC[N+]1(C)CCOCC1
C1750,CCCC[n+]1cccn1C
C1751,CCCC[n+]1c(C)cc(n1C)C
C1752,CCCCSc1[nH+]ccn1C
C1753,CCSc1[nH+]ccn1C
C1754,CCSc1sc2c([nH+]1)cccc2
C1755,CCCCSn1nnc[n+]1C
C1756,CO[C@@H]([n+]1ccn(c1)C)C
C1757,CCCCCC[n+]1ccc2c(c1)cccc2
C1758,CCCC[N+]1(CC)CCCC1
C1759,CC[n+]1cccn1C
C1760,CCCCCn1cc[n+](c1)CCCCC
C1761,CCCCCCn1cc[n+](c1)CCCCCC
C1762,CCCCCCCn1cc[n+](c1)CCCCCCC
C1763,CCCCCCCCn1cc[n+](c1)CCCCCCCC
C1764,CCCCCCCCCn1cc[n+](c1)CCCCCCCCC
C1765,CCCCCCCCCCn1cc[n+](c1)CCCCCCCCCC
C1766,CCCCCCCCCCCCn1cc[n+](c1)CCCCCCCCCCCC
C1767,CCCCCCCCCC[N+]1(C)CCCC1
C1768,CCC[N+](C(C)C)(C)C
C1769,CCCC[N+](C(C)C)(C)C
C1770,CCCCCC[N+](C(C)C)(C)C
C1771,CCCCCCCCCC[N+](C(C)C)(C)C
C1772,OC[C@H](C[N+]1(C)CCCC1)O
C1773,Cc1n(C)cc[n+]1CCCC#N
C1774,CCCC[P+](CCCC)(CCCC)CCO
C1775,CCCCC[n+]1ccn(c1C)C
C1776,CCCCCCC[n+]1ccn(c1C)C
C1777,CC[P+](Cc1ccccc1)(CC)CC
C1778,c1ccc(cc1)C[n+]1c[nH]cc1
C1779,C=CC[n+]1ccn(c1)CC
C1780,CC(=C[n+]1ccn(c1)C)C
C1781,C[n+]1ccn(c1)C[Si](C)(C)C
C1782,C[n+]1ccn(c1)C[Si](c1ccccc1)(C)C
C1783,Cn1cc[n+](c1)CCCCCS(=O)(=O)O
C1784,Cn1cc[n+](c1)C[Si](O[Si](C)(C)C)(C)C
C1785,Cn1cc[n+](c1)CCCCCCS(=O)(=O)O
C1786,C[n+]1cn(c(c1)C)C
C1787,CC[n+]1cccc(c1)C(F)(F)F
C1788,CCC[N@@H+]1CCC[C@H]1C
C1789,C[C@H]([N+]1(C)CCCC1)O
C1790,O[C@H]([N+]1(C)CCCC1)[C@H](O)C
C1791,CCOC[N+]1(C)CCCCC1
C1792,CCOCC[N+]1(C)CCCCC1
C1793,COCCC[N+]1(C)CCCCC1
C1794,CCCCCCCCCCCCCCCCCCc1[nH+]ccc2c1cccc2
C1795,FCC[N@@+]1(C)COCC1
C1796,CCSc1[nH]nn[n+]1C
C1797,COCC[NH3+]
C1798,C[C@H](C[NH3+])O
C1799,CC[C@@H](C[NH3+])C
C1800,OCCOCC[NH3+]
C1801,CC([NH+](C(C)C)C)C
C1802,CC[NH+](C(C)C)C(C)C
C1803,OCC[N+](c1ccccc1)(C)C
C1804,CCCCCCCCCC[N+](C)(C)C
C1805,O=C(Cc1ccccc1)OCC[N+](C)(C)C
C1806,CC[N+](CO[C@@H]1C[C@H](C)CC[C@H]1C(C)C)(C)C
C1807,CC[N+](CO[C@@H]1C[C@H](C)CC[C@H]1C(C)C)(CC)C
C1808,CC[N+](CO[C@@H]1C[C@H](C)CC[C@H]1C(C)C)(CC)CC
C1809,CCCC[N+](CO[C@@H]1C[C@H](C)CC[C@H]1C(C)C)(C)C
C1810,CCCCCC[N+](CO[C@@H]1C[C@H](C)CC[C@H]1C(C)C)(C)C
C1811,CCCCCCCCCC[N+](CO[C@@H]1C[C@H](C)CC[C@H]1C(C)C)(C)C
C1812,CCCCCCCCCCC[N+](CO[C@@H]1C[C@H](C)CC[C@H]1C(C)C)(C)C
C1813,CCCCCCCCCCCCC[N+](CCOCCO)(CCOCCO)C
C1814,CC[C@@H]([N+](CC)(CC)C)C(F)(F)F
C1815,CCOC[N+]1(C)CCOCC1
C1816,CCOCC[N+]1(C)CCOCC1
C1817,COCCC[N+]1(C)CCOCC1
C1818,FC(C(C(C(COCC[N+]1(C)CCOCC1)(F)F)(F)F)(F)F)F
C1819,C=CN(C(=[N+](C)C)N(N)C)C
C1820,CCCC[NH+]=C1N(C)CCN1C
C1821,CCCC/[N+](=C(/N(C=C)C)N(N)C)/C
C1822,CC[n+]1c(C)cc(n1C)C
C1823,N#CCCCC[n+]1ccccc1
C1824,N#CCCCCCCCCCC[n+]1ccccc1
C1825,N#CCCC[n+]1cccc(c1)C
C1826,N#CCCCCC[n+]1ccc(cc1)C
C1827,N#CCCCCC[n+]1cccc(c1)C
C1828,N#CCCCCC[n+]1ccccc1C
C1829,N#CCCC[n+]1ccccc1CC
C1830,Cn1cc[n+](c1)CC1CCCC1
C1831,Cn1cc[n+](c1)CCC1CCCC1
C1832,Cn1cc[n+](c1)CC1CCCCC1
C1833,Cn1cc[n+](c1)CCC1CCCCC1
C1834,Cn1cc[n+](c1)CCCC1CCCCC1
C1835,Cn1cc[n+](c1)C1CCCC1
C1836,Cn1cc[n+](c1)C1CCCCC1
C1837,Cn1cc[n+](c1)C1CCCCCC1
C1838,CCO[C@H]([n+]1ccn(c1C)C)C
C1839,COCC[n+]1ccn(c1C)C
C1840,CCCn1cc[n+](c1C)CCOC
C1841,CCCCn1cc[n+](c1C)CCOC
C1842,CCCCCn1cc[n+](c1C)CCOC
C1843,COCCCn1cc[n+](c1C)CCOC
C1844,COCC[n+]1ccn(c1CC)CC
C1845,CCCn1cc[n+](c1CC)CCOC
C1846,CCCCn1cc[n+](c1CC)CCOC
C1847,CCCCCn1cc[n+](c1CC)CCOC
C1848,COCCn1cc[n+](c1CC)CCOC
C1849,COCC[n+]1ccn(c1CC)CCOCC
C1850,COCCCn1cc[n+](c1CC)CCOC
C1851,CCOCC[n+]1ccn(c1C)C
C1852,CCOCC[n+]1ccn(c1C)CCC
C1853,CCCCn1cc[n+](c1C)CCOCC
C1854,CCCCCn1cc[n+](c1C)CCOCC
C1855,COCCCn1cc[n+](c1C)CCOCC
C1856,CCOCC[n+]1ccn(c1CC)CC
C1857,CCOCC[n+]1ccn(c1CC)CCC
C1858,CCCCn1cc[n+](c1CC)CCOCC
C1859,CCCCCn1cc[n+](c1CC)CCOCC
C1860,CCOCCn1cc[n+](c1CC)CCOCC
C1861,COCCCn1cc[n+](c1CC)CCOCC
C1862,CCCCCCCC[n+]1ccn(c1)CC#N
C1863,CC[C@@H]([N+](OC(=O)C)(C)C)C
C1864,COCCOCC[N+](CC)(C)C
C1865,CCCCCCC[N+](CC)(C)C
C1866,CCC[n+]1c(C)cc(n1C)C
C1867,CCC[N+](CCC)(CCC)C
C1868,CCCCCCCC/C=C/CCCCCCCC[n+]1ccn(c1)C
C1869,CCCCC/C=C/C/C=C/CCCCCCCC[n+]1ccn(c1)C
C1870,CCCCNC(=O)C[n+]1ccn(c1)CC
C1871,CCCCCCCCCCCCCC[N+](CC)(CC)CC
C1872,CC[NH+]1CCNCC1
C1873,OCC[n+]1ccn(c1)CCC#N
C1874,N#CCCn1cc[n+](c1)Cc1ccccc1
C1875,OCCCCCC[n+]1cc[nH]c1
C1876,OCCCCCC[n+]1ccn(c1)C
C1877,OCCCCCC[n+]1ccn(c1)CC
C1878,CCCCn1cc[n+](c1)CCCCCCO
C1879,c1ccc(cc1)CN1C=CC=C[CH3+]1
C1880,[CH2+]1=CC=CN(C1)Cc1ccccc1
C1881,c1ccc(cc1)CN1CC=[CH2+]C=C1
C1882,C[N+]1(CCCC1)Cc1ccccc1
C1883,CCCC[PH+](CCCC)CCCC
C1884,OC(=O)CCC[N+](C)(C)C
C1885,CC[N+](CC)C
C1886,CC[N+](CC)CC
C1887,CCN1C=[N+]C=C1
C1888,CCCCN1C=[N+]C=C1
C1889,Cn1cc[n+](c1)[C@@H](O)C
C1890,COCCc1n(C)cc[n+]1C
C1891,COCCc1n(CC)cc[n+]1C
C1892,CCCn1cc[n+](c1CCOC)C
C1893,CCCCn1cc[n+](c1CCOC)C
C1894,CCCCCn1cc[n+](c1CCOC)C
C1895,COCCn1cc[n+](c1CCOC)C
C1896,COCCc1n(CCOCC)cc[n+]1C
C1897,CO[C@H](Cc1n(C)cc[n+]1C)C
C1898,CO[C@H](Cc1n(CC)cc[n+]1C)C
C1899,CCCn1cc[n+](c1C[C@H](OC)C)C
C1900,CCCCn1cc[n+](c1C[C@@H](OC)C)C
C1901,CCCCCn1cc[n+](c1C[C@H](OC)C)C
C1902,CCOCn1cc[n+](c1C[C@@H](OC)C)C
C1903,CCOCCn1cc[n+](c1C[C@@H](OC)C)C
C1904,COCCc1n(CC)cc[n+]1CC
C1905,CCCn1cc[n+](c1CCOC)CC
C1906,CCCCn1cc[n+](c1CCOC)CC
C1907,CCCCCn1cc[n+](c1CCOC)CC
C1908,COCCn1cc[n+](c1CCOC)CC
C1909,COCCc1n(CCOCC)cc[n+]1CC
C1910,CO[C@H](Cc1n(CC)cc[n+]1CC)C
C1911,CCCn1cc[n+](c1C[C@H](OC)C)CC
C1912,CCCCn1cc[n+](c1C[C@@H](OC)C)CC
C1913,CCCCCn1cc[n+](c1C[C@H](OC)C)CC
C1914,CCOCn1cc[n+](c1C[C@@H](OC)C)CC
C1915,CCOCCn1cc[n+](c1C[C@@H](OC)C)CC
C1916,CCCC[n+]1cscc1C
C1917,Cc1csc[n+]1Cc1ccccc1
C1918,CCOC(=O)C[n+]1cscc1C
C1919,Cc1csc[n+]1CCO
C1920,OCCc1sc[n+](c1C)CC
C1921,OCCc1sc[n+](c1C)Cc1ccccc1
C1922,COC[n+]1ccn(c1C)C
C1923,CCCn1cc[n+](c1C)COC
C1924,CCCCn1cc[n+](c1C)COC
C1925,COCCn1cc[n+](c1C)COC
C1926,COC[n+]1ccn(c1C)CCOCC
C1927,COC[n+]1ccn(c1CC)C
C1928,COC[n+]1ccn(c1CC)CC
C1929,CCCn1cc[n+](c1CC)COC
C1930,CCCCn1cc[n+](c1CC)COC
C1931,COC[n+]1ccn(c1CC)COCC
C1932,COC[n+]1ccn(c1CC)CCOCC
C1933,CCOC[n+]1ccn(c1C)CCC
C1934,CCCCn1cc[n+](c1C)COCC
C1935,CCOCCn1cc[n+](c1C)COCC
C1936,CCOC[n+]1ccn(c1CC)C
C1937,CCOC[n+]1ccn(c1CC)CC
C1938,CCOC[n+]1ccn(c1CC)CCC
C1939,CCCCn1cc[n+](c1CC)COCC
C1940,CCOCn1cc[n+](c1CC)COCC
C1941,CCOCCn1cc[n+](c1CC)COCC
C1942,OCCO[NH2+]OCCO
C1943,Cc1n(C)cc[n+]1CC=C
C1944,C/C=C/C[n+]1ccn(c1C)C
C1945,CC([N+]1(C)CCCC1)C
C1946,COCC[N+](COC)(C)C
C1947,COC[N+](CCOCC)(C)C
C1948,CCCCCCCCCC[N+]1=C2CCCCCN2CCC1
C1949,CCCC[n+]1c[nH]c2c1cccc2
C1950,CCCC[n+]1cc[nH]c1c1ccccc1
C1951,CCCCn1cc[n+](c1)Cc1ccccc1
C1952,COCC[N@H+](CC)C
C1953,CCOCn1cc[n+](c1C)C
C1954,CCCC[N+]1(C)CCCCCC1
C1955,CCCCCC[N+]1(C)CCCCCC1
C1956,COCC[N+]1(C)CCCCCC1
C1957,COCCOCC[N+]1(C)CCCCCC1
C1958,Cn1nc[n+](c1)C(C)C
C1959,CCCCCC[n+]1cnn(c1)C
C1960,Cn1nc[n+](c1)Cc1ccccc1
C1961,Cn1nc[n+](c1)Cc1ccc(cc1)OC(F)(F)F
C1962,Cn1nc[n+](c1)Cc1ccccc1OC(F)(F)F
C1963,Cc1cc(C[n+]2cnn(c2)C)cc(c1)C
C1964,Cn1nc[n+](c1)Cc1c(F)c(F)c(c(c1F)F)OC(F)(F)F
C1965,Cc1n(C)cc[n+]1CCC=C
C1966,CCOCc1n(C)cc[n+]1CC
C1967,CCCC[NH+]1CCCCCC1
C1968,CCCCCCNCC[NH3+]
C1969,CCCCCCCCNCC[NH3+]
C1970,CCCCC(CC)CNCC[NH3+]
C1971,C[NH+](C(C)=O)C
C1972,C[NH+](C(CC)=O)C
C1973,CCCCOCC[N+](C)(C)CCCC
C1974,CCCCC[N+](C)(C)CCO
C1976,CCCC[N+]1=CC=C(C=C1)C1=CC=NC=C1
C1977,C[N+]1=CC=CC2=CC=C3C=CC=NC3=C12
C1978,CC1=[N+](C)C=CN1CN1C=CC=N1
C1979,CCC[N+]1=C(C)N(CN2C=CC=N2)C=C1
C1980,CC1=[N+](CCC(F)(F)F)C=CN1CN1C=CC=N1
C1981,CCCC[N+]1=C(C)N(CN2C=CC=N2)C=C1
C1982,CC1=[N+](CCCC(F)(F)F)C=CN1CN1C=CC=N1
C1983,CCCCCC[N+]1=C(C)N(CN2C=CC=N2)C=C1
C1984,CC1=[N+](CCC(F)(F)C(F)(F)C(F)(F)C(F)(F)F)C=CN1CN1C=CC=N1
C1985,CC1=NN(CN2C=C[N+](C)=C2C)C(C)=C1
C1986,CCCC[N+]1=C(C)N(CN2N=C(C)C=C2C)C=C1
C1987,CCCCCC[N+]1=C(C)N(CN2N=C(C)C=C2C)C=C1
C1988,CN1C(=[N+](C=C1)CC=1N=NN(C1)CCCC)C
C1989,CN1C=[N+](C=C1)CC=1N=NN(C1)CCCC
C1990,CN1C(=[N+](C=C1)CC=1N=NN(C1)CC1=CC=CC=C1)C
C1991,CN1C=[N+](C=C1)CC=1N=NN(C1)CC1=CC=CC=C1
C1992,C(CCC)N1C=[N+](C=C1)CC=1N=NN(C1)CC1=CC=CC=C1
C1993,C(CCC)N1C=[N+](C=C1)CC=1N=NN(C1)C1=CC=CC=C1
C1994,C(CCC)N1C=[N+](C=C1)CC=1N=NN(C1)CCCC
C1995,C(CCC)N1C(=[N+](C=C1)CC=1N=NN(C1)CCCC)C
C1996,C1(=C(C(=CC(=C1)C)C)N1C=[N+](C=C1)CC=1N=NN(C1)CC1=CC=CC=C1)C
C1997,CCCCC[N+](CC)(CC)C
C1998,CCC[N+]1(C)C=CN=C1c1nccn1C
C1999,CCCCC[N+](=C(N(C)C)N(C)C)CCCCC
C2000,C[N+](C)(C)CCN=[N+]=[N-]
C2002,N(=[N+]=[N-])CC[N+](C)(C)CCN=[N+]=[N-]
C2003,N(=[N+]=[N-])CC[NH2+]CCN=[N+]=[N-]
C2004,C[NH+](C)C(C)C
C2005,C(CC=C)[N+]1=CN(C=C1)C
C2006,C(C#CC)[N+]1=CN(C=C1)C
C2007,C(C#CCC)[N+]1=CN(C=C1)C
C2008,N(=[N+]=[N-])CC[N+](CCCC)(C)C
C2009,C[N+](C)(CCN=[N+]=[N-])CC=C
C2010,C1(=CC=CC=C1)[S+](C1=CC=CC=C1)C1=CC=CC=C1
C2011,C1(=CC=CC=C1)[S+](C1=C(C=CC=C1)OC1=CC=CC=C1)C1=CC=CC=C1
C2012,C1(=CC=CC=C1)[S+](C1=C(C=CC=C1)S(=O)(=O)C1=CC=CC=C1)C1=CC=CC=C1
C2013,COCCOCC[N+](CCOCCOC)(C)C
C2014,COCCOCC[N+](CCOCCOC)(CCOCCOC)CC
C2015,CC[N+]1=C2CCCN2CCC1
C2016,CCC[N+]1=C2CCCN2CCC1
C2017,CCCC[N+]1=C2CCCN2CCC1
C2018,[NH+]12CCCCCC2=NCCC1
C2019,CCC[N+]1=C2CCCCCN2CCC1
C2020,CC[N+]1=CN(C)C2=CC=CC=C12
C2021,CC[N+]1=C(C)N(C)CC1
C2022,CCCCCCCCCCCCCCCC[N+](C)(C)C
C2023,CCCCCCCCCCCCCCCCCC[N+](C)(C)C
C2024,CCCCCCCCCCCCCCCCCCCCCC[N+](C)(C)C
C2025,C[N+]1=CN(C=C1)CCCCCCCCC=C/CCCCCCCC
C2026,CC(n1cc[n+](c1)C)OC
C2027,COC(C)[N+]1=CN(C=C1)CC
C2028,C(C)OC(C)[N+]1=CN(C=C1)C
C2029,C(C)OC(C)[N+]1=CN(C=C1)CC
C2030,NC(=[NH2+])N
C2031,C(CCCCCCCC)[N+]1=CN=CC=C1
C2032,C[N+]1=CN=CC=C1
C2033,C(C)[N+]1=CN=CC=C1
C2034,COCC[n+]1cccn1C
C2035,COCC[n+]1cccn1CC
C2036,CCOCC[n+]1cccn1C
C2037,CCOCC[n+]1cccn1CC
C2038,CCCCCCC[N+](CCCCCCC)(CCCCCC)CCCCCC
C2039,CCCCCCC[N+](CCCCCC)(CCCCCC)CCCCCC
C2040,CCCC[N+](CCC(C)C)(CCC(C)C)CCC(C)C
C2041,C[NH+](C)C
C2042,CCCC[n+]1ccc2c(c1)cccc2
C2043,CCCCCCCCCCCOC[N+](CCO)(C)C
C2044,Cc1cc(C)[nH+]c(c1)C
C2045,N[n+]1nn[nH]c1N
C2046,C[NH+]1C=CN(C1)CCCc1ccccc1
C2047,C[NH+]1C=CN(C1)CCc1ccccc1
C2048,COC(/C=C/C1=CC=C(OCCC[N+]2=CN(C=C2)C)C=C1)=O
C2049,CCC[NH+]1C(=CC(N1C)C)C
C2050,CC[NH+]1C=CN(C1)C
C2051,C[NH+](N)C
C2054,CCCCCC[N+]12CCN(CC1)CC2
C2055,CCCCC/C=CC/C=CCCCCCCCCN1C=C[NH+](C1)C
C2056,CCCCCCCC/C=C/CCCCCCCCN1C=C[NH+](C1)C
C2057,COC(/C=C/C1=CC=C(OC(CC[N+]2=CN(C=C2)C)CCC)C=C1)=O
C2058,CCCc1ccc[n+](c1)C
C2059,CCn1c(C)cc([n+]1c1ccccc1)C
C2060,CCCCn1c(C)cc([n+]1c1ccccc1)C
C2061,CCCn1c(C)cc([n+]1c1ccccc1)C
C2062,Cc1cc([n+](n1C)c1ccccc1)C
C2063,CCCCCCCCCC[N+](CCCCCCCCCC)(CC)CC
C2064,CCCCCCCCCCCC[N+](C)(C)C
C2065,CCCCCCCC[n+]1cc(CC)ccc1C
C2066,CCCC[n+]1cc(C)cc(c1C)C
C2067,CCCCCCCC[n+]1cc(C)cc(c1C)C
C2068,CCCCCCCCCC[n+]1cccc(c1)C
C2069,CCCCCCOC[n+]1ccccc1
C2070,CCCCCCCCCCCCOC[n+]1ccccc1
C2071,CCCCCCCCCCCOC[n+]1ccccc1
C2072,CCCCCCCOC[n+]1ccccc1
C2073,CCCCCCCCCOC[n+]1ccccc1
C2074,CCCC[NH+]1C=CN(C1)C
C2075,CCCCCCC[n+]1cccc(c1)C
C2076,CCCCCCCCC[n+]1cccc(c1)C
C2077,CCCCC[n+]1cccc(c1)C
C2078,C=CC[n+]1cccc(c1)C
C2079,CCCCCCCCCCCCc1cc[nH+]cc1
C2080,CCCCCCCCCCCCCCCCC(c1cc[n+](cc1)C)CCCCCCCCCCCCCCCC
C2081,CCCCCCCCCCCCc1cc[n+](cc1)C
C2082,CCCCCCCCCc1cc[nH+]cc1
C2083,C[n+]1ccn(c1)Cc1ccc2c(c1)cccc2
C2084,c1ccc2c(c1)[nH+]cs2
C2085,[N-]=[N+]=NCC[NH+]1C=NC(=N1)N=[N+]=[N-]
C2086,[N-]=[N+]=NC1=NC=C[NH2+]1
C2087,C[NH+]1C=CN(C1)CCCCN1C=C[NH+](C1)C
C2088,CC[NH+](CC=C)CC
C2089,CCC[NH+](C)C
C2090,CC[NH+](CC)C
C2091,CCC[NH+](CC)CC
C2092,C=CC[NH+](C)C
C2093,CCC[NH+](CCC)C
C2094,C=CC[NH+](CC=C)C
C2095,CCCCCCCC[n+]1cccc2c1cccc2
C2096,O[NH3+]
C2097,C1CCc2c([NH2+]1)cccc2
C2098,CCCCCCCCCC[N+]1(C)CCOCC1
C2099,CCCCCCCCCCCC[N+](CCOCCO)(C)C
C2100,CC(C)[NH3+]
C2101,COCCC[N+]1=CN(CCC#N)C=C1
C2102,CCCC[P+](CCCC)(CCCC)CC(=O)OCC
C2103,C(CCC)[P+](CC(=O)O)(CCCC)CCCC
C2104,C(CCC)[P+](CCOCCOCCOC)(CCCC)CCCC
C2105,C[N+](Cc1ccccc1)(C)C
C2106,CCCCCCCCCCCCCC[N+](C)(C)C
C2107,C[N+]1=NN2CCCCC2=C1
C2108,CC[N+]1=NN2CCCCC2=C1
C2109,CCC[N+]1=NN2CCCCC2=C1
C2110,CCCC[N+]1=NN2CCCCC2=C1
C2111,CC(CCn1nc[n+](c1)CCCCS(=O)(=O)O)C
C2112,CCCCCN1C=[N+](CCCCS(O)(=O)=O)C=N1
C2113,CCCCCCN1C=[N+](CCCCS(O)(=O)=O)C=N1
C2114,CNC(NCCSCC1=CC=C(O1)[NH+](C)C)=C/[N+]([O-])=O
C2115,C[NH+](C)CCOC(C1=CC=CC=C1)C1=CC=CC=C1
C2116,C(C)[NH2+]CC(=O)O
C2117,C(CCCCCCC)[NH+](CCCCCCCC)CCCCCCCC
C2119,CCCCCCCCCCCC[N+](C)(C)CC(O)=O
C2120,CC1=[N+](C=CC=C1)CCC
C2121,C(C)(C)OC([C@H](C(C)C)[NH3+])=O
C2122,C(C)(C)OC([C@H](CCC(=O)OC(C)C)[NH3+])=O
C2123,C(C(C)C)OC(=O)[C@H]1[NH2+]CCC1
C2124,C(C)(C)OC(=O)[C@H]1[NH2+]CCC1
C2125,C(C(C)C)OC([C@H](C)[NH3+])=O
C2126,CC(C)COC(=O)[C@@H]([NH3+])C(C)C
C2127,CC(C)OC(=O)[C@H](C)[NH3+]
C2128,C(C)C1=[N+](C=CC=C1)C
C2129,NC(CN1C=[N+](C=C1)CCCCN1C=[N+](C=C1)CC(=O)N)=O
C2130,C(C1=CC=CC=C1)[NH+]1CN(C=C1)C
C2131,C(C(C)C)[N+]1(CCCCC1)C
C2132,C(C)[N+]1=C(C(=CC(=C1)C)C)CCCCC
C2133,C(CCC)[N+]1=C(C(=CC(=C1)C)C)CCCCC
C2134,C(CCCCC)[N+]1=C(C(=CC(=C1)C)C)C
C2135,C(CCCCC)[N+]1=C(C(=CC(=C1)C)C)CCCCC
C2136,C(C)[NH+]1CN(C=C1)CCCCCCO
C2137,C(CCC)[NH+]1CN(C=C1)CCCCCCO
C2138,C(C=C)N1C[NH+](C=C1)CCC#N
C2139,C(#N)CC[NH+]1CN(C=C1)CCO
C2140,C(C(C)C)OC(C[NH3+])=O
C2141,C(C)(C)OC(C[NH3+])=O
C2144,C(#N)CCN1C=[N+](C=C1)CCCCCCCCCC
C2145,C(CCC)[NH+]1CN(C=C1)CCC#N
C2146,C(#N)CC[N+]1=CN(C=C1)CCCCCCCC
C2147,C(#N)CCN1C[NH+](C=C1)CCCCCC
C2148,C(#N)CCN1C[NH+](C=C1)CCCCCCCC
C2149,C(CCCCC)N1C[NH+](C=C1)C
C2150,C(C(C)C)[N+]1=CC(=CC=C1)C
C2151,C(C(C)C)[N+]1(CCCC1)C
C2152,C(CCC)N1C[NH+](C=C1)CC
C2153,C(#N)CCN1C[NH+](C=C1)CCCCCCCCCC
C2154,C[NH+]1CN(C=C1)C
C2155,C(C(C)C)OC([C@H](CCC(=O)OCC(C)C)[NH3+])=O
C2156,C(CCC)[NH+]1CN(C=C1)CCCC
C2157,C(CCCCCCCCC)[NH+]1CN(C=C1)C
C2158,C1(=CC=CC=C1)[N+]=1N(C(=CC1C)C)CCCCC
C2159,C1(=CC=CC=C1)[N+]=1N(C(=CC1C)C)CCCCCC
C2160,C1(=CC=CC=C1)[N+]=1N(C(=CC1C)C)CCCCCCC
C2161,C[NH+]1CN(C=C1)CCCCCCCC
C2162,C(CCCCCCCCCCC)[NH+]1CN(C=C1)C
C2163,OC(C[NH3+])C
C2164,OC(C[N+]1(CCCC1)C)CO
C2165,C(CCC)[N+]1=C(C=CC(=C1)CC)C
C2166,C(CCCCC)[N+]1=C(C=C(C=C1)C)C
C2167,C(#N)CC[N+]1(CCCC1)C
C2168,C(#N)CCC[N+]1(CCCC1)C
C2169,C(#N)CCCCC[N+]1(CCCC1)C
C2170,C(C(C)C)[NH2+]CCCS(=O)(=O)O
C2171,C(C(C)C)[NH2+]CCCCS(=O)(=O)O
C2172,C[N+](CCCCC)(C)C
C2173,CCCC[N+]1=CN(C)C(I)=C1I
C2174,C(CCCCC)[P+](C1=CC=CC=C1)(C1=CC=CC=C1)C1=CC=CC=C1
C2175,C(CCCCCCCCC)[N+]1(CCCCC1)C
C2176,C[N+]1(CCCCC1)CCCCCCCCCCC
C2177,C(CCCCCCCCCCC)[N+]1(CCCCC1)C
C2178,C[N+]1(CCCCC1)CCCCCCCCCCCCCC
C2179,C(CCCCCCCCCCCCCCC)[N+]1(CCCCC1)C
C2180,C[N+]1(CCCCC1)CCCCCCCCCCCCCCCCCC
C2181,C[N+]1(CCCCC1)CCCCCCCCC
C2182,C(CCC)OCN1C=[N+](C=C1)C
C2183,C(CCCC)OCN1C=[N+](C=C1)C
C2184,C(CCCCC)OCN1C=[N+](C=C1)C
C2185,C(CCCCCCC)OCN1C=[N+](C=C1)C
C2186,C(CCCCCCCC)OCN1C=[N+](C=C1)C
C2189,C[N+]1=C(C=CC=C1)C1=CC=CC=C1
C2190,C(C)[N+]1=C(C=CC=C1)C1=CC=CC=C1
C2191,FC1=C(C=CC(=C1)F)C1=[N+](C=CC=C1)C
C2192,FC1=C(C=CC(=C1)F)C1C(C=CC=C1)(C)[N+]1=CC=CC=C1
C2193,C(C)C1(C(C=CC=C1)C1=C(C=C(C=C1)F)F)[N+]1=CC=CC=C1
C2194,C(CC)OC(=O)OCC[N+]1=CN(C=C1)C
C2195,C[N+]1(CCCC1)CCC(=O)OCCC
C2196,C(CCC)[NH2+]CCO
C2197,COC[N+]1=CN(C=C1)CC
C2198,COC[N+]1=CN(C=C1)CCC
C2199,COC[N+]1=CN(C=C1)CCCC
C2200,COC[N+]1=CN(C=C1)COCC
C2201,COC[N+]1=CN(C=C1)CCOCC
C2202,C(C)OC[N+]1=CN(C=C1)CC
C2203,C(C)OC[N+]1=CN(C=C1)CCC
C2204,C(C)OC[N+]1=CN(C=C1)CCCC
C2205,C(C)OC[N+]1=CN(C=C1)COCC
C2206,C(C)OC[N+]1=CN(C=C1)CCOCC
C2207,CCCN1C=C[N+](CCOC)=C1
C2208,CCCCN1C=C[N+](CCOC)=C1
C2209,COCCN1C=C[N+](CCOC)=C1
C2210,CCCN1C=C[N+](CCOCC)=C1
C2211,CCCCN1C=C[N+](CCOCC)=C1
C2212,CCOCC[N+]1=CN(CCOC)C=C1
C2213,CCOCCN1C=C[N+](CCOCC)=C1
C2214,CCC[n+]1ncn(c1)C
C2215,CC[N+](CCOC(=O)C)(C)C
C2216,COCC[n+]1ccn(c1)CC=C
C2217,CCCC[n+]1ccn(c1)CCC(C)C
C2218,CCCCn1cc[n+](c1)C1CCCC1
C2219,CCCCCn1cc[n+](c1)CCCC
C2220,CCCC[NH+]1C=CN(C1C)C
C2221,C[N+](C)(C)CC(O)CC(O)=O
C2222,CCCCCCCCCCCCCC[N+](C1CCCCC1)(C)C
C2223,C[NH+](CCCCCCCCCCCCCCCCC1CCCCC1)C
C2224,CCCCCCCCCCCCCCCCCC[N+](C1CCCCC1)(C)C
C2225,C[NH+](COCCCCC1CCCCC1)C
C2226,C[NH+](COCCCCCCC1CCCCC1)C
C2227,CCCCCCCCOC[N+](C1CCCCC1)(C)C
C2228,C[NH+](COCCCCCCCCCCC1CCCCC1)C
C2229,C[NH+](COCCCCCCCCCCCCC1CCCCC1)C
C2230,CCCCCCCCCCCCCCOC[N+](C1CCCCC1)(C)C
C2231,C(C)[N+](CCOCCOCC)(CC)CC
C2233,CCCCCCCC[P+](CCC)(CCC)CCC
C2234,CCCCCCCCCCCC[P+](CCC)(CCC)CCC
C2235,CCCCCCCCCCCCCCCC[P+](CCC)(CCC)CCC
C2237,C[C@@H](CCN1C=C[NH+](C1)C)CCC=C(C)C
C2238,CCCC[NH+]1C=CN(C1)CC[C@@H](CCC=C(C)C)C
C2239,CCCCCCCCCCCC[NH+]1C=CN(C1)CC[C@@H](CCC=C(C)C)C
C2240,C[C@@H](CCN1C=C[NH+](C1)CC[C@@H](CCC=C(C)C)C)CCC=C(C)C
C2241,C=CC(=O)OCCCCCCn1cc[n+](c1)C
C2242,C=CC(=O)OCCCCCCn1cc[n+](c1)CC
C2243,CC(C[n+]1ccn(c1)C)O
C2244,Cn1cc[n+](c1)CCC(C(Br)(F)F)(Br)F
C2245,BrCC(C[n+]1ccn(c1)CC(=CBr)Br)Br
C2246,BrCC(Cn1cc[n+](c1)CC(CBr)Br)Br
C2247,BrCC(Cn1cc[n+](c1)C(CBr)Br)Br
C2248,BrCC(C[n+]1ccn(c1)CCC(C(Br)(F)F)(Br)F)Br
C2249,C=CC(=O)OCCCCCCn1cc[n+](c1C)CC
C2250,BrCC(C[n+]1cn(c(c1Br)Br)C)Br
C2251,Cn1c[n+](c(c1I)I)CC(CBr)Br
C2252,BrCC(Cn1c[n+](c(c1I)I)CC(CBr)Br)Br
C2253,CCCCCCCCCCn1nc[n+](c1)CC(C(F)(F)F)O
C2254,C=CC(=O)OCCCCCC[N+]1CCCC1
C2255,CO[N+]1(C)CCCCC1
C2256,COC(=O)C[N+]
C2257,CCOC(=O)C[N+]
C2258,COC(=O)C([N+])C
C2259,COC(=O)C([N+])CO
C2260,CCOC(=O)C([N+])C
C2261,COC(=O)C1CCC[N+]1
C2262,CCOC(=O)C(C(C)C)[N+]
C2263,COC(=O)C(Cc1ccccc1)[N+]
C2264,C=CC(=O)OCCCCCC[N+]1(C)CCCCC1
C2265,C[C@@H](CC[n+]1ccccc1)CCC=C(C)C
C2266,C=CC(=O)OCCCCCC[N+]1=C(C)CCC1
C2269,O1CC1C[n+]1ccccc1
C2270,NCC(C[n+]1ccccc1)O
C2271,CCOC(C(C[n+]1ccccc1)O)N
C2272,CCCCCCCCCC[n+]1ccc2c(c1)cccc2
C2273,CCCCCCCCCCCCCC[n+]1ccc2c(c1)cccc2
C2274,CCCCCCCCCCCCCCCC[n+]1ccc2c(c1)cccc2
C2275,O(C[N+](C)(C)CC)C1CC(C)CCC1(C(C)C)
C2276,O(C[N+](C)(C)CCCC)C1CC(C)CCC1(C(C)C)
C2277,O(C[N+](C)(C)CCCCCC)C1CC(C)CCC1(C(C)C)
C2278,O(C[N+](C)(C)CCCCCCC)C1CC(C)CCC1(C(C)C)
C2279,O(C[N+](C)(C)CCCCCCCC)C1CC(C)CCC1(C(C)C)
C2280,O(C[N+](C)(C)CCCCCCCCC)C1CC(C)CCC1(C(C)C)
C2281,O(C[N+](C)(C)CCCCCCCCCC)C1CC(C)CCC1(C(C)C)
C2282,O(C[N+](C)(C)CCCCCCCCCCC)C1CC(C)CCC1(C(C)C)
C2283,O(C[N+](C)(CC)CC)C1CC(C)CCC1(C(C)C)
C2284,O(C[N+](CC)(CC)CC)C1CC(C)CCC1(C(C)C)
C2285,O=C1CCCCC[N+]1
C2286,O=C1CCC[N+]1
C2287,CC(C[N+])O
C2288,CCCCN(C(=[N+](C)C)N(CCCC)CC)CC
C2289,CCCCN(C(=[N+](C)C)N(CCCC)CCCC)CCCC
C2290,CCCCCCCCN(C(=[N+](C)C)N(CCCCCCCC)CCCCCCCC)CCCCCCCC
C2292,FCCC[N+]1(C)COCC1
C2293,C(CCCCCCCCCCCCCCC)N1C[NH+](C=C1)C
C2294,C(CCCCCCCCC)[NH2+]CCCCCCCCCC
C2295,CCCCCC[NH2+]CCCCCC
C2296,CCC[NH+]1C=CN(C1)C
C2297,CCCCCCCC[N+]1(CC)CCCCC1
C2298,CCCCCCCCCCCCCCCC[n+]1ccn(c1C)C
C2299,CCCCCCCC[NH2+]CCCCCCCC
C2300,OCC[NH+]1CN(C=C1)C
C2301,C[NH+]1CN(C=C1)CCC(C(C(C(F)(F)F)(F)F)(F)F)(F)F
C2302,OCCOCCOCCOCCOCCOCC[N+](CCCCCCCCCCCCCC)(C)CCOCCOCCOCCOCCOCCO
C2303,[NH3+]C(CO)(CO)CO
C2304,C(C)[N+]1=C(C=CC=C1)CCCCCCCCC
C2305,C(C)[N+]1=C(C=CC=C1)CCCCCCCC
C2306,C(C)[N+]1=C(C=CC=C1)CCCCCCC
C2307,C(C)[N+]1=C(C=CC=C1)CCCCCC
C2308,C(CCC)C1=[N+](C=CC=C1)CC
C2309,C(CCCCCCCCC)C1=[N+](C=CC=C1)CC
C2310,C(C)[N+]1=C(C=CC=C1)CCC
C2311,C(C)[N+]1=C(C=CC=C1)CCCCC
C2313,CC1=NC(=NC(=C1)C)[NH2+]C1=CC=CC=C1
C2314,CC[N+](CC=C)(CC)CC
C2315,C=CC[N+](CC=C)(CC=C)CC=C
C2316,C=CC[N+](c1ccncc1)(C)C
C2317,C=CC[N+](CCCC)(CCCC)CCCC
C2328,CCC[n+]1ccccc1Oc1ccc(c[n+]1CCOS(=O)(=O)[O-])Cl
C2329,CCC[N+]1(C)CCC2CC(C1)CC2
C2330,CCC[n+]1ccc(cc1)C
C2331,CCC=C[n+]1ccn(c1C)C
C2332,CCN([C+]1C(=C1N(CC)CC)N(CC)CC)CC
C2333,ClCC[n+]1ccn(c1)C
C2334,CN1C[NH+](C=C1)CC=C
C2335,CN1C[NH+](C=C1)CCN
C2336,C[NH+]1CN(C=C1)CCCN
C2337,c1ccc[nH+]c1
C2338,CCCCNC(=O)CN1C=C[NH+](C1)CC
C2339,N#CCC[NH+]1C=CN(C1)Cc1ccccc1
C2340,CCCCCCCCCC[N+](CCC)(C)C
C2341,CCCCCC[N+](CCC)(C)C
C2344,CC[NH+]=C(N(C)C)N(C)C
C2345,CCCCCC[N+]12CCC(CC1)CC2
C2346,CCCCCCCC[N+]12CCC(CC1)CC2
C2347,C[N+]1(C)CCN(CC1)c1ccccc1
C2348,CCCC[n+]1cccc2c1cccc2
C2349,NC1=NN=N[NH2+]1
C2350,Cc1n(C)cc[n+]1CCO
C2351,C[n+]1ccn(c1)CCCS(=O)(=O)O
C2352,CCCC[n+]1ccn(c1)CCCCS(=O)(=O)O
C2353,CCCC[n+]1ccn(c1)CCCS(=O)(=O)O
C2355,CCCCCCCCC[NH3+]
C2356,CCCCCCCC[NH3+]
C2357,C[C@@H](C1CCCCC1)[NH3+]
C2358,Clc1ccc(cc1)[n+]1c(C)cc(n1C)C
C2359,Brc1ccc(cc1)[n+]1c(C)cc(n1C)C
C2360,Cc1ccc(cc1)[n+]1c(C)cc(n1C)C
C2361,COc1ccc(cc1)[n+]1c(C)cc(n1C)C
C2367,CCCCCCCCC=CCCCCCCCC1N(CCO)CC[NH+]1CC
C2368,CCCCCCCCCCn1cc[n+](c1C)CCCCCCCCCC
C2369,O=c1n(C)c2[n+](C)cn(c2c(=O)n1C)C
C2370,C[NH+](CCCCCCCCCCCCCc1ccccc1)C
C2371,CCOC(=O)C[N+]1(C)CCCC1
C2372,N#CC[N+]1(C)CCOCC1
C2373,C[n+]1ccc(cc1)N(C)C
C2374,C[N+](C)(C)CCCO
C2376,CCCCCCCCCCCC[N+](C)(C)CCC(O)=O
C2378,C(CCCCCCCC=C/CCCCCCCC)C[NH+](CCO)CCO
C2379,CCCCCCCC[P+](CCCCCCCC)(CCCCCCCC)CCC(F)(F)C(F)(F)C(F)(F)C(F)(F)F
C2380,CCCCCCCC[P+](CCCCCCCC)(CCCCCCCC)CCC(F)(F)C(F)(F)C(F)(F)C(F)(F)C(F)(F)C(F)(F)F
C2381,CCCCCCCC[P+](CCCCCCCC)(CCCCCCCC)CCC(F)(F)C(F)(F)C(F)(F)C(F)(F)C(F)(F)C(F)(F)C(F)(F)C(F)(F)F
C2386,C1=CC=C(C=C1)[P+](C1=CC=CC=C1)(C1=CC=CC=C1)C1=CC=C2N=CC=CC2=C1
C2387,C1=CC=C(C=C1)[P+](C1=CC=CC=C1)(C1=CC=CC=C1)C1=CC=C2C=CC=NC2=C1
C2430,C(C)[N+]1=CN(C=C1)CCOC
C2431,C(CCCCC)[N+]1=CN(C=C1)C=C
C2432,C(C)OC(C(C)[N+]1=CN(C=C1)C=C)=O
